field_id,date_of_image,latitude,longitude,NDVI,GNDVI,NDWI,SAVI,soil_moisture,temperature,rainfall,crop_type,N,P,K,pH,humidity,yield
Field_1,2023-01-01,22.62523109,88.49792521,0.06018996,0.08480090,-0.08480090,0.09027956,46.11935326,9.88422874,1.66235420,Rice,87.00470288,51.73195780,49.19516320,6.48656285,90.78537097,40.21803063
Field_1,2023-01-16,22.62523109,88.49792521,0.21395714,0.22200857,-0.22200857,0.32089553,37.54252546,13.96707263,8.44630219,Rice,77.10204645,38.37322862,32.72409842,6.76649895,81.53650363,30.87033790
Field_1,2023-01-31,22.62523109,88.49792521,0.40330636,0.43120427,-0.43120427,0.60483703,24.92627906,13.59014742,3.86283324,Rice,69.60814874,47.93917934,47.72830538,7.32271255,98.30786476,45.33005008
Field_1,2023-02-15,22.62523109,88.49792521,0.41818653,0.44413212,-0.44413212,0.62714370,24.11415710,12.34335542,16.62354196,Rice,74.42387468,34.07903607,37.80153310,7.02390750,89.33764294,49.71178105
Field_1,2023-02-03,22.62523109,88.49792521,0.37513765,0.38798500,-0.38798500,0.56259074,27.42092711,11.00770651,9.49621011,Rice,83.91453295,56.13056722,42.11913951,7.06015317,82.74037350,34.54264576
Field_1,2023-03-17,22.62523109,88.49792521,0.45044181,0.41448796,-0.41448796,0.67555891,25.29849811,29.05703078,11.03814476,Rice,76.53220432,40.54525987,32.68185803,7.16683884,87.85597981,48.32423291
Field_1,2023-01-04,22.62523109,88.49792521,0.51142290,0.46723758,-0.46723758,0.76701610,21.98207972,14.59747283,17.52762933,Rice,68.86618073,51.11069034,65.60000000,7.18219145,82.10021510,53.44668506
Field_1,2023-04-16,22.62523109,88.49792521,0.47837493,0.47081865,-0.47081865,0.71745566,22.13672953,26.89658942,16.57368075,Rice,70.40815549,39.48870570,52.89229065,7.06954824,78.95957016,51.58966574
Field_1,2023-01-05,22.62523109,88.49792521,0.49914531,0.45527862,-0.45527862,0.74861944,22.71814608,11.23455428,16.86155872,Rice,67.12452204,44.57853990,50.74751438,7.08620402,89.55724173,52.78942541
Field_1,2023-05-31,22.62523109,88.49792521,0.49526138,0.46718097,-0.46718097,0.74279198,22.15002624,28.76547304,10.38336348,Rice,72.39172098,41.38739149,36.71360587,7.02726471,92.26644675,38.43404016
Field_1,2023-10-13,22.62523109,88.49792521,0.44081279,0.36831213,-0.36831213,0.66112312,27.75477796,13.70434524,16.87002572,Rice,64.35447723,36.54719254,48.20547085,6.76078375,83.43640174,51.90264653
Field_1,2023-10-28,22.62523109,88.49792521,0.59751417,0.53474666,-0.53474666,0.89611568,17.65553208,29.52973786,17.38086801,Rice,83.63777771,50.71877949,30.38637637,7.40986395,76.05873076,55.62711785
Field_1,2023-12-11,22.62523109,88.49792521,0.52930736,0.50498788,-0.50498788,0.79383313,19.87173275,12.30010937,10.59880157,Rice,84.81519389,39.96206240,30.18612704,7.42081474,84.23525490,39.26865558
Field_1,2023-11-27,22.62523109,88.49792521,0.42228870,0.40897899,-0.40897899,0.63331413,25.86733441,27.22968767,16.87002572,Rice,79.20561427,37.40987779,49.16998431,6.83133625,90.34290141,50.55682916
Field_1,2023-12-12,22.62523109,88.49792521,0.50173126,0.48250344,-0.48250344,0.75246179,21.30151768,8.42731778,10.40500137,Rice,86.34753239,33.82670078,41.39110603,7.11404293,81.15033465,38.45490555
Field_1,2023-12-27,22.62523109,88.49792521,0.44592639,0.43089442,-0.43089442,0.66875136,24.50682826,14.34964174,16.74302073,Rice,79.16098382,48.10469783,50.70210337,6.96537050,89.92854617,51.04716572
Field_2,2023-01-16,25.37877892,83.01640486,0.27916743,0.30695067,-0.30695067,0.41869727,32.53902625,10.48604637,15.38547851,Rice,76.84065146,46.50968419,52.63098005,6.59525549,80.81970079,45.79952126
Field_2,2023-01-31,25.37877892,83.01640486,0.35230407,0.38993031,-0.38993031,0.52838553,27.55478778,7.15824618,15.79471681,Rice,78.13301885,49.48897046,51.74215662,7.30433781,88.67601036,47.55221364
Field_2,2023-02-15,25.37877892,83.01640486,0.29743809,0.35541373,-0.35541373,0.44609668,29.87769423,5.36058861,15.70346137,Rice,71.47612722,48.88742274,53.80432559,6.47178738,85.78916785,45.92471357
Field_2,2023-02-03,25.37877892,83.01640486,0.30483653,0.35975130,-0.35975130,0.45719754,29.58064007,10.31998996,15.43910284,Rice,88.26567801,31.93117370,40.38584138,6.67995516,79.00065626,45.99774242
Field_2,2023-03-17,25.37877892,83.01640486,0.29501873,0.33264629,-0.33264629,0.44247341,31.06500775,24.80185578,15.61220594,Rice,68.59242827,36.50890401,32.71002546,6.64335748,92.11604065,46.13336743
Field_2,2023-01-04,25.37877892,83.01640486,0.32433212,0.35809538,-0.35809538,0.48644193,29.46609228,10.67081945,15.23119097,Rice,84.71128500,41.27059065,47.51097845,6.43338453,87.37574962,46.65500206
Field_2,2023-04-16,25.37877892,83.01640486,0.25239358,0.30941692,-0.30941692,0.37854904,32.68652662,24.46960053,8.58365574,Rice,67.97872515,41.26992818,45.53815526,6.92149576,74.36363201,30.98509753
Field_2,2023-01-05,25.37877892,83.01640486,0.34401170,0.37497827,-0.37497827,0.51596378,28.40299316,8.00461875,5.36055134,Rice,78.55313005,43.22137371,39.31890270,7.12660974,96.93321594,43.92163656
Field_2,2023-05-16,25.37877892,83.01640486,0.27080368,0.32377844,-0.32377844,0.40616568,31.76514447,11.70462216,8.71442384,Rice,80.90647104,41.93759154,33.61682841,7.50466998,93.50892622,31.46500139
Field_2,2023-05-31,25.37877892,83.01640486,0.27358264,0.32262366,-0.32262366,0.41033461,31.79573154,26.50252718,8.74170639,Rice,59.08580515,34.58023328,40.80178293,6.52094321,83.27281080,31.59019371
Field_2,2023-06-15,25.37877892,83.01640486,0.21756692,0.27892941,-0.27892941,0.32631882,34.59903245,26.13669465,8.34469820,Rice,90.81614119,43.49664900,40.33916672,6.45527589,77.51906268,30.11918403
Field_2,2023-08-29,25.37877892,83.01640486,0.49578519,0.46349431,-0.46349431,0.74359760,22.33293371,29.83822159,17.43072923,Rice,86.26187524,38.21664013,25.69651378,7.59000000,97.63256414,52.85202157
Field_2,2023-09-28,25.37877892,83.01640486,0.50307006,0.46374539,-0.46374539,0.75449865,22.24571278,24.13354742,16.67528474,Rice,78.80024244,27.37000000,54.54248383,6.44343983,81.27586970,52.70596387
Field_2,2023-10-13,25.37877892,83.01640486,0.45284795,0.43041238,-0.43041238,0.67918589,24.46075439,26.78854948,10.09078161,Rice,86.23296634,34.74691056,38.74975791,7.03154707,88.55818308,37.20298242
Field_2,2023-10-28,25.37877892,83.01640486,0.45524756,0.47641537,-0.47641537,0.68278021,22.08713363,18.24981266,16.86155872,Rice,79.03260419,30.01354750,50.37778679,6.81627076,75.05925375,50.76548302
Field_2,2023-12-11,25.37877892,83.01640486,0.24705606,0.25797787,-0.25797787,0.37054217,35.36774049,13.18674182,14.82289345,Rice,70.30923187,62.25151774,56.07805477,6.69875973,87.12739804,45.01706930
Field_2,2023-11-27,25.37877892,83.01640486,0.33773005,0.38247781,-0.38247781,0.50652680,28.08418740,10.67075885,15.44004362,Rice,87.15898533,62.29383981,33.14345320,7.59000000,76.53916091,46.90538669
Field_2,2023-12-12,25.37877892,83.01640486,0.36050107,0.37262656,-0.37262656,0.54067646,28.35467794,7.31108010,9.40119156,Rice,69.81278844,49.53162756,32.92750057,7.20875708,85.43950003,34.16706882
Field_2,2023-12-27,25.37877892,83.01640486,0.21581649,0.20235622,-0.20235622,0.32368465,38.52707084,14.29143827,14.92167510,Rice,68.89159216,42.60610430,37.81938714,6.54082171,74.80729217,44.73538660
Field_3,2023-01-31,30.87054253,76.70892965,0.57159519,0.56251936,-0.56251936,0.85719803,16.50204369,2.42212932,10.84152222,Rice,60.07593907,54.41961084,41.83802519,7.35195262,90.66689563,40.13456908
Field_3,2023-02-15,30.87054253,76.70892965,0.58070780,0.57548284,-0.57548284,0.87093431,15.74700580,2.14765044,10.89232421,Rice,69.84349265,50.41259512,58.64660641,7.33600941,97.72394219,40.31192486
Field_3,2023-02-03,30.87054253,76.70892965,0.55203518,0.56319062,-0.56319062,0.82793674,16.66753044,4.32713926,10.66465601,Rice,60.52714273,48.87808848,63.32619548,7.59000000,78.55530416,39.27908828
Field_3,2023-03-17,30.87054253,76.70892965,0.49497962,0.50594518,-0.50594518,0.74236294,20.17343393,14.52483839,9.45857900,Rice,74.95295990,45.72568859,59.96558440,6.64114595,99.15248977,47.72956942
Field_3,2023-01-04,30.87054253,76.70892965,0.49349952,0.50922217,-0.50922217,0.74014243,20.02121235,-4.03187602,16.97445205,Rice,68.71561661,47.77940073,39.91981515,7.17661633,85.58203404,51.78788691
Field_3,2023-04-16,30.87054253,76.70892965,0.43457814,0.48743974,-0.48743974,0.65178205,21.73527529,19.51012847,9.79349586,Rice,65.69109923,45.28312960,38.77228021,6.32176584,94.70096445,35.43985734
Field_3,2023-01-05,30.87054253,76.70892965,0.45996440,0.47707212,-0.47707212,0.68985596,22.00542446,-2.71907459,16.55392441,Rice,73.94243712,44.23679594,55.65092734,6.95074307,75.38400404,50.76548302
Field_3,2023-05-16,30.87054253,76.70892965,0.38866607,0.43761347,-0.43761347,0.58292577,24.74851650,10.02258994,16.38740676,Rice,81.71030529,51.35524970,58.34000705,6.93514227,79.55235621,48.54331946
Field_3,2023-05-31,30.87054253,76.70892965,0.46962987,0.47354799,-0.47354799,0.70435590,22.08666981,3.65249478,16.35636110,Rice,69.63814352,66.04806235,49.47511736,7.03517715,90.27118344,51.08889649
Field_3,2023-06-15,30.87054253,76.70892965,0.36846311,0.40732847,-0.40732847,0.55263102,26.50133112,19.33520352,16.41092620,Rice,72.27578975,46.79973180,38.97320806,7.05416462,76.54765277,48.25120406
Field_3,2023-08-29,30.87054253,76.70892965,0.63684908,0.59105835,-0.59105835,0.95515205,14.37828846,22.92156592,11.35706840,Rice,58.09750060,62.18232678,27.45009972,7.10525299,88.47818254,42.49235765
Field_3,2023-09-13,30.87054253,76.70892965,0.63684908,0.59105835,-0.59105835,0.95515205,14.37828846,20.48778906,17.87101319,Rice,89.84253641,37.21231073,30.06851676,6.80730976,87.89062966,56.54519481
Field_3,2023-09-28,30.87054253,76.70892965,0.44075900,0.39585552,-0.39585552,0.66099099,26.34884128,9.58282233,10.06443984,Rice,90.72644332,44.30572446,48.80090557,6.85073282,68.57801888,37.26557857
Field_3,2023-10-13,30.87054253,76.70892965,0.55262093,0.55118276,-0.55118276,0.82881998,17.27472200,8.70154737,10.69852401,Rice,68.76894832,33.41640637,43.68733747,7.59000000,69.80236137,39.50860752
Field_3,2023-10-28,30.87054253,76.70892965,0.43484161,0.46585223,-0.46585223,0.65216782,22.83493734,3.70794403,9.84617941,Rice,99.79515688,53.31123470,33.61216648,6.99971081,100.00000000,35.81543428
Field_3,2023-12-11,30.87054253,76.70892965,0.40421386,0.44651955,-0.44651955,0.60622177,24.13494577,1.29060563,9.61851121,Rice,73.51542659,66.43271489,38.06114358,7.27546396,80.74809816,34.81389577
Field_3,2023-11-27,30.87054253,76.70892965,0.39764138,0.41441111,-0.41441111,0.59636583,25.84166687,0.27162958,5.25988812,Rice,65.82284538,52.13057710,53.96013994,6.67589570,88.13681479,45.38221355
Field_3,2023-12-12,30.87054253,76.70892965,0.46947320,0.47440452,-0.47440452,0.70409471,22.04453180,1.66305000,10.13593894,Rice,75.30072926,53.09326299,45.87398772,7.38995402,80.60214738,37.18211703
Field_3,2023-12-27,30.87054253,76.70892965,0.46417868,0.46772541,-0.46772541,0.69615995,22.43966876,-0.66461925,10.10395250,Rice,69.88065316,58.91041044,55.24276256,7.25344839,90.02892978,37.06735741
Field_4,2023-01-16,26.84068688,81.06703001,0.28557416,0.27781772,-0.27781772,0.42829700,33.96125062,9.82833960,13.93009541,Wheat,72.17528169,47.57505468,56.17093899,6.39237036,48.26238220,45.69519433
Field_4,2023-01-31,26.84068688,81.06703001,0.36135643,0.35495110,-0.35495110,0.54194614,29.24852825,5.98297937,6.62871968,Wheat,62.21417055,62.81338994,58.45051346,7.01861781,55.66780871,34.48004960
Field_4,2023-02-15,26.84068688,81.06703001,0.36884533,0.38795341,-0.38795341,0.55318080,27.48680321,5.69128754,6.61743034,Wheat,64.16119914,62.21342304,37.37125728,7.56875608,61.24341785,34.25053036
Field_4,2023-02-03,26.84068688,81.06703001,0.34801755,0.38263782,-0.38263782,0.52194831,27.97095166,14.82789047,6.44432725,Wheat,69.81167977,47.91148648,53.46840638,7.16744241,65.48531891,33.53067456
Field_4,2023-03-17,26.84068688,81.06703001,0.36132531,0.37701029,-0.37701029,0.54190882,28.12240746,28.98050161,12.58290174,Wheat,65.99228269,43.54118699,38.16908133,7.21231983,78.39000000,46.32115590
Field_4,2023-01-04,26.84068688,81.06703001,0.36346403,0.36747926,-0.36747926,0.54511885,28.58726122,11.62770983,6.61743034,Wheat,63.75759633,50.59718780,57.04493077,7.09937567,76.74935355,34.36528998
Field_4,2023-04-16,26.84068688,81.06703001,0.33876942,0.36989879,-0.36989879,0.50808576,28.71591248,28.18958034,6.39164370,Wheat,44.54316957,62.78598377,31.87127421,7.07931849,66.65151699,33.37418417
Field_4,2023-01-05,26.84068688,81.06703001,0.31069660,0.34758942,-0.34758942,0.46598580,30.14183059,9.59822358,13.94985174,Wheat,78.61755836,46.67072350,42.52591287,6.35946017,58.95603706,45.59086740
Field_4,2023-05-16,26.84068688,81.06703001,0.36152553,0.40796408,-0.40796408,0.54222090,26.53972708,20.72733300,6.50547780,Wheat,49.63087626,40.64254318,37.00021131,6.74824144,61.79685169,33.65586687
Field_4,2023-05-31,26.84068688,81.06703001,0.33941778,0.36341584,-0.36341584,0.50906625,29.04033834,15.40347099,6.41234081,Wheat,66.83204458,53.06290398,57.94513644,7.55035056,56.18029704,33.49937648
Field_4,2023-06-15,26.84068688,81.06703001,0.30811353,0.34346624,-0.34346624,0.46211214,30.37875840,27.66737007,6.17902794,Wheat,52.97492242,48.31761987,37.34082412,6.27334631,58.46127648,32.60216490
Field_4,2023-08-29,26.84068688,81.06703001,-0.05449171,-0.08738755,0.08738755,-0.08173595,56.08327800,31.11896722,11.62989393,Wheat,55.25335585,66.56129619,39.91548529,7.25773949,71.29413510,44.50586735
Field_4,2023-09-28,26.84068688,81.06703001,0.54029433,0.49484224,-0.49484224,0.81034134,20.27760532,13.10162185,7.89876957,Wheat,46.95184407,50.72788665,59.00466707,7.21879170,72.55730623,39.19562673
Field_4,2023-10-13,26.84068688,81.06703001,0.47321899,0.41977408,-0.41977408,0.70973915,24.79594530,12.29375330,7.47541961,Wheat,79.64100438,53.64104588,48.28504843,6.78543129,54.32976639,37.77678052
Field_4,2023-10-28,26.84068688,81.06703001,0.47103386,0.43273785,-0.43273785,0.70645046,24.15627516,27.66481088,14.70341468,Wheat,86.94680485,45.63142344,52.91305590,6.29821891,57.74707111,50.85937725
Field_4,2023-12-11,26.84068688,81.06703001,0.39513062,0.40571977,-0.40571977,0.59261478,26.31112693,6.84396523,13.92821385,Wheat,90.32000000,51.24723458,49.27511259,6.55397400,73.53675410,47.92779058
Field_4,2023-11-27,26.84068688,81.06703001,0.45131536,0.46127655,-0.46127655,0.67689332,22.90034679,20.46887335,14.43058914,Wheat,56.81440709,46.95367005,58.62859424,6.63278371,57.83387314,49.50312719
Field_4,2023-12-12,26.84068688,81.06703001,0.44288742,0.42838469,-0.42838469,0.66422967,24.66602259,8.73085950,7.18377852,Wheat,63.68802182,48.05377064,52.11795124,7.26139838,70.66905628,36.47269392
Field_4,2023-12-27,26.84068688,81.06703001,0.39013761,0.38570617,-0.38570617,0.58511243,27.38410152,5.43881559,14.79090700,Wheat,69.01503443,43.18268538,48.37001069,7.25068014,71.97650381,48.52245407
Field_5,2023-01-16,30.69708764,76.51908279,0.68193003,0.59756321,-0.59756321,1.02275460,13.58571574,0.28414654,8.92233571,Wheat,51.68960613,62.82582170,56.16476732,6.88241067,64.19813736,43.05572306
Field_5,2023-01-31,30.69708764,76.51908279,0.22166965,0.16228883,-0.16228883,0.33248886,40.51330923,-4.07563896,13.56131055,Wheat,66.81821240,35.25489561,55.96909383,6.97662237,59.31206877,44.82928083
Field_5,2023-02-15,30.69708764,76.51908279,0.75650516,0.71303881,-0.71303881,1.13463324,6.92740058,0.33686028,9.31746234,Wheat,39.72526377,64.38555768,66.86023726,7.39180875,54.78463443,43.84860771
Field_5,2023-02-03,30.69708764,76.51908279,0.73841902,0.67733292,-0.67733292,1.10750285,8.93541103,-0.10223475,9.24031857,Wheat,64.86956941,47.14133261,70.56000000,7.82000000,73.75683852,43.98423272
Field_5,2023-03-17,30.69708764,76.51908279,0.68495702,0.61773239,-0.61773239,1.02732738,12.52487532,1.15858615,12.11721678,Wheat,76.33954742,43.66024809,54.21175600,7.73414057,62.00797908,54.79250243
Field_5,2023-01-04,30.69708764,76.51908279,0.40118289,0.42730710,-0.42730710,0.60170511,25.14697222,4.37942208,8.77181128,Wheat,90.32000000,49.60732026,61.62341296,6.82076236,58.81978056,45.30918470
Field_5,2023-04-16,30.69708764,76.51908279,0.25157900,0.38424496,-0.38424496,0.37732322,28.87379864,20.22662851,5.57787098,Wheat,60.37948455,43.46461641,52.24417507,7.36714035,59.97809813,29.77490516
Field_5,2023-01-05,30.69708764,76.51908279,0.22467790,0.32470307,-0.32470307,0.33697774,32.18900573,3.42536461,13.13796058,Wheat,69.64223555,45.37309041,49.32629042,6.97203561,67.24321708,42.17937687
Field_5,2023-05-16,30.69708764,76.51908279,0.20432085,0.30223312,-0.30223312,0.30644702,33.54432348,13.55247049,13.15865769,Wheat,69.61664530,48.44213476,45.60496858,7.70950055,77.93238713,41.75163646
Field_5,2023-05-31,30.69708764,76.51908279,0.23738539,0.30718382,-0.30718382,0.35603910,32.95383483,3.18195151,12.79833983,Wheat,87.06267841,72.39973556,50.62228390,7.17877863,56.83923692,42.75317497
Field_5,2023-06-15,30.69708764,76.51908279,0.21568543,0.30606361,-0.30606361,0.32348635,33.23265688,22.69539717,12.75412328,Wheat,59.37109698,36.05278189,44.48099391,6.52678657,64.37782261,41.90812685
Field_5,2023-06-30,30.69708764,76.51908279,0.17004141,0.11740992,-0.11740992,0.25503360,43.33229535,25.48800523,13.38350356,Wheat,62.70191034,61.82436344,50.01625466,7.45734145,73.32431116,43.44173269
Field_5,2023-07-15,30.69708764,76.51908279,0.09601938,0.13700989,-0.13700989,0.14401043,43.08741300,23.09288341,31.47936263,Wheat,66.70910060,36.97587875,40.76293047,6.90920689,72.93909208,51.52706959
Field_5,2023-08-14,30.69708764,76.51908279,0.67966845,0.63531826,-0.63531826,1.01938614,11.68087522,25.61535550,15.95935291,Wheat,74.04944268,47.05343322,54.36857097,6.72524955,75.17476684,56.44086788
Field_5,2023-08-29,30.69708764,76.51908279,0.69415511,0.63624656,-0.63624656,1.04111350,11.48552153,24.43021635,8.94115126,Wheat,69.84042289,60.17228040,56.44421482,6.89674368,66.85964877,42.92009805
Field_5,2023-09-13,30.69708764,76.51908279,0.38100123,0.24794255,-0.24794255,0.57140690,34.51222301,10.61869702,15.00540432,Wheat,66.53351965,46.21603365,51.71604893,7.20499802,54.34270552,50.44206954
Field_5,2023-09-28,30.69708764,76.51908279,0.57730001,0.50820659,-0.50820659,0.86584424,19.21722882,11.03417784,8.19793688,Wheat,79.97003074,41.18389984,62.63089550,6.92233357,54.76620657,40.41625179
Field_5,2023-10-13,30.69708764,76.51908279,0.47602379,0.51169053,-0.51169053,0.71394073,20.07364447,20.15209097,7.28444173,Wheat,64.02795919,38.57162029,36.68538642,6.94641800,48.82888015,36.45182854
Field_5,2023-10-28,30.69708764,76.51908279,0.27091099,0.33213754,-0.33213754,0.40631292,31.33719631,11.74745445,5.87327518,Wheat,61.26524266,45.56913944,64.39841470,7.17115196,61.81153269,31.33980908
Field_5,2023-12-11,30.69708764,76.51908279,0.29812682,0.35905039,-0.35905039,0.44712342,29.68495667,0.99985628,6.05390450,Wheat,66.05638009,66.00741672,63.60606888,7.75776354,78.39000000,31.96577065
Field_5,2023-11-27,30.69708764,76.51908279,0.45914975,0.51397462,-0.51397462,0.68860697,20.12934151,6.49681671,5.67759342,Wheat,72.65820688,43.66307034,37.49038317,7.47245798,56.23666150,46.19596358
Field_5,2023-12-12,30.69708764,76.51908279,0.68501229,0.62843103,-0.62843103,1.02736992,11.97799156,4.65043200,8.87811916,Wheat,63.40134267,56.11005989,54.08031787,6.92036710,63.18028365,42.69057881
Field_5,2023-12-27,30.69708764,76.51908279,0.10241311,0.10665215,-0.10665215,0.15361122,44.57231351,-3.84588796,13.17371014,Wheat,70.68289981,46.44837174,70.56000000,6.19312762,64.50004886,41.82466531
Field_6,2023-01-31,29.21932823,76.20313269,0.73490893,0.66847268,-0.66847268,1.10223560,9.42370171,8.47034112,16.58120697,Wheat,60.91682320,38.52662882,59.31918469,7.16922671,60.39359242,58.40221412
Field_6,2023-02-15,29.21932823,76.20313269,0.26560596,0.28603086,-0.28603086,0.39838150,33.74578476,12.47520171,5.93442573,Wheat,69.04658625,55.64926869,45.53670405,6.87759813,69.75904280,31.86144372
Field_6,2023-02-03,29.21932823,76.20313269,0.68603256,0.65308456,-0.65308456,1.02892599,10.70865431,11.05547710,8.82919872,Wheat,52.06214639,50.38499919,55.28862886,7.28057508,61.72979066,42.34629995
Field_6,2023-03-17,29.21932823,76.20313269,0.55491700,0.54630049,-0.54630049,0.83228048,17.50058232,14.55577761,16.97539282,Wheat,57.55301166,70.33301370,44.55024829,7.78259985,78.21170075,53.58231006
Field_6,2023-01-04,29.21932823,76.20313269,0.22748045,0.37206093,-0.37206093,0.34117543,29.74208431,8.32840470,0.24366142,Wheat,49.82659846,48.11852630,61.85121286,7.82000000,76.43671233,39.47730944
Field_6,2023-04-16,29.21932823,76.20313269,0.17398553,0.31861351,-0.31861351,0.26095322,33.01768012,26.18993827,5.03880536,Wheat,64.98497084,30.76000000,58.42559482,6.92287965,67.28742849,27.81355892
Field_6,2023-01-05,29.21932823,76.20313269,0.15796762,0.29559683,-0.29559683,0.23692591,34.35660140,13.70844953,3.90987212,Wheat,83.37369642,51.06543157,52.12170738,6.76777911,62.96538005,37.98543437
Field_6,2023-05-16,29.21932823,76.20313269,0.12714004,0.23834157,-0.23834157,0.19069161,37.59514297,16.00649540,13.06552070,Wheat,58.35171768,48.86127279,59.78330427,6.42883794,57.44781126,39.71726137
Field_6,2023-05-31,29.21932823,76.20313269,0.16176225,0.27085997,-0.27085997,0.24262029,35.58101908,29.46923980,13.06552070,Wheat,74.20482389,51.90352267,34.75103709,6.39804776,63.20598546,40.55187679
Field_6,2023-06-15,29.21932823,76.20313269,0.14536014,0.24800375,-0.24800375,0.21801919,36.91567009,30.85686925,0.68676772,Wheat,63.61314506,37.22849756,54.75588208,6.40657398,60.96565337,38.24625169
Field_6,2023-06-30,29.21932823,76.20313269,0.07389502,0.13038132,-0.13038132,0.11082193,43.65184992,32.99342308,12.51516575,Wheat,65.19478870,61.25111625,46.95285852,7.58579582,58.53226058,41.17783836
Field_6,2023-08-14,29.21932823,76.20313269,0.48558649,0.48582392,-0.48582392,0.72829199,21.29684428,29.92105643,6.51206324,Wheat,56.46979860,51.90015579,35.86559333,7.44552471,78.39000000,47.65654057
Field_6,2023-08-29,29.21932823,76.20313269,0.56495412,0.54130129,-0.54130129,0.84733252,17.65335555,27.98986495,8.00978134,Wheat,82.22215742,55.26460316,45.10836978,7.08341476,62.41747258,39.41471328
Field_6,2023-09-13,29.21932823,76.20313269,0.64285415,0.60450011,-0.60450011,0.96415352,13.63056430,28.14502278,16.96034038,Wheat,61.78387959,54.15681982,57.88157848,6.72768418,57.30849593,56.05485825
Field_6,2023-09-28,29.21932823,76.20313269,0.57341012,0.56231806,-0.56231806,0.86001473,16.49378752,23.48481218,8.03612312,Wheat,56.16851854,45.10832118,49.39383092,7.02562216,49.09197998,39.41471328
Field_6,2023-10-13,29.21932823,76.20313269,0.52660822,0.53846134,-0.53846134,0.78981744,18.18999784,11.59945622,7.67392370,Wheat,70.25215276,62.09384484,57.78709619,7.53985312,72.17612968,37.98543437
Field_6,2023-10-28,29.21932823,76.20313269,0.27330322,0.34226879,-0.34226879,0.40990687,30.79541909,24.82967037,5.87139363,Wheat,62.98270870,48.05764263,50.92780156,6.73411323,68.65659142,31.27721292
Field_6,2023-12-11,29.21932823,76.20313269,0.11347766,0.12830446,-0.12830446,0.17019872,43.35365088,6.65431672,4.94566837,Wheat,57.72330503,55.96712841,57.16666432,7.09398526,60.86518342,28.94028974
Field_6,2023-11-27,29.21932823,76.20313269,0.31619622,0.36204393,-0.36204393,0.47423195,29.34755299,26.57090094,3.16383541,Wheat,79.20236818,48.83316009,48.81518677,6.97698728,68.20615719,43.05572306
Field_6,2023-12-12,29.21932823,76.20313269,0.39217232,0.41384201,-0.41384201,0.58817586,25.92658203,6.52339343,13.94891096,Wheat,81.89433040,31.99305742,52.54878710,6.99626014,65.20798760,47.69827134
Field_6,2023-12-27,29.21932823,76.20313269,0.59455452,0.55987720,-0.55987720,0.89171188,16.40248324,14.71720516,16.61695652,Wheat,90.32000000,59.94895597,52.10218534,6.77496486,68.65680473,54.69860819
Field_7,2023-01-01,23.54870209,77.36134150,0.76260722,0.68053454,-0.68053454,1.14376007,8.52489084,14.48249821,9.44823044,Maize,50.70459479,64.50426106,38.86184901,6.72241129,74.80270922,44.37024235
Field_7,2023-01-16,23.54870209,77.36134150,0.77071525,0.70347905,-0.70347905,1.15593294,7.27043761,14.41205366,9.46704600,Maize,94.68324795,42.55574860,24.79270589,5.59471142,63.80160907,43.99466541
Field_7,2023-01-31,23.54870209,77.36134150,0.68376770,0.59525492,-0.59525492,1.02553452,13.68481938,10.76787097,8.94491437,Maize,82.87200180,54.86067333,29.67911562,5.28225090,78.73278474,43.16004999
Field_7,2023-02-15,23.54870209,77.36134150,0.78682436,0.74155970,-0.74155970,1.18009268,5.16135312,12.33596592,9.52161110,Maize,71.31678061,48.79549680,27.28616826,5.78530953,71.51774987,43.87990579
Field_7,2023-02-03,23.54870209,77.36134150,0.66876062,0.66773155,-0.66773155,1.00301914,10.13711104,5.97925171,8.64010240,Maize,75.63583257,50.87530538,39.30582654,6.20836924,59.77672996,41.44908837
Field_7,2023-03-17,23.54870209,77.36134150,0.55228813,0.57582832,-0.57582832,0.82831111,16.01961073,25.37069921,15.15404720,Maize,89.25042332,62.47189766,47.39670021,6.00779254,73.66414375,52.00697346
Field_7,2023-01-04,23.54870209,77.36134150,0.23446658,0.35622875,-0.35622875,0.35165321,30.47919582,5.98626731,5.49131944,Maize,97.57346341,56.57850834,37.93798577,6.51019869,70.00410371,29.55581862
Field_7,2023-04-16,23.54870209,77.36134150,0.18824292,0.30572784,-0.30572784,0.28232951,33.53006951,28.00610409,5.19685602,Maize,82.21042384,47.58615896,36.06153753,6.56758423,67.81328361,28.56471280
Field_7,2023-01-05,23.54870209,77.36134150,0.22967859,0.31982766,-0.31982766,0.34447227,32.38689415,6.81980501,13.23674224,Maize,85.24600109,52.14016785,24.40767107,5.02000000,69.55236605,42.50279034
Field_7,2023-05-16,23.54870209,77.36134150,0.19904739,0.28545483,-0.28545483,0.29852457,34.45495368,21.56425448,12.75506406,Maize,64.76024925,37.90788888,61.25894301,6.30918892,49.23601759,41.58471338
Field_7,2023-05-31,23.54870209,77.36134150,0.21740269,0.32122703,-0.32122703,0.32605609,32.44080792,12.97547015,5.42076111,Maize,81.42524321,66.70468387,43.22357905,6.26732010,77.55012457,29.45149169
Field_7,2023-06-15,23.54870209,77.36134150,0.18185480,0.29437010,-0.29437010,0.27274206,34.17528663,34.69150333,5.16675113,Maize,96.09237492,29.96000000,32.18414838,6.35087626,75.43097353,28.49168395
Field_7,2023-08-29,23.54870209,77.36134150,0.77315814,0.70790776,-0.70790776,1.15962304,7.01933940,30.22474509,16.21900755,Maize,78.63204983,58.54125747,53.89507717,6.31288603,68.56659798,58.08923334
Field_7,2023-09-13,23.54870209,77.36134150,0.77315814,0.70790776,-0.70790776,1.15962304,7.01933940,19.23056862,16.70068574,Maize,54.99506559,37.42914503,31.39917994,6.44439134,64.86481418,58.36048335
Field_7,2023-10-13,23.54870209,77.36134150,0.39423399,0.46159850,-0.46159850,0.59126407,23.46687148,11.93705088,6.67105467,Maize,72.50835278,59.61948851,34.11729357,5.86068596,85.49480570,34.07317458
Field_7,2023-10-28,23.54870209,77.36134150,0.32414572,0.40514944,-0.40514944,0.48613681,27.06520986,18.25045189,6.17808716,Maize,98.36432141,64.45849979,38.50136678,6.13852143,70.80546285,32.25788604
Field_7,2023-12-11,23.54870209,77.36134150,0.37103113,0.47547453,-0.47547453,0.55643540,22.99526886,8.18396646,13.89622741,Maize,95.68354596,67.50190481,18.96000000,5.02000000,75.92635133,45.88298280
Field_7,2023-11-27,23.54870209,77.36134150,0.37944750,0.39820159,-0.39820159,0.56907673,26.85520746,13.19203159,7.87148702,Maize,69.95580755,58.64242116,43.22532964,6.46779396,60.89796318,44.93360776
Field_7,2023-12-12,23.54870209,77.36134150,0.66967903,0.57455833,-0.57455833,1.00438015,14.88556346,11.99251511,8.86777060,Maize,81.03656559,39.71102663,57.16646993,6.07362667,71.95842197,42.94096344
Field_7,2023-12-27,23.54870209,77.36134150,0.66967903,0.57455833,-0.57455833,1.00438015,14.88556346,11.94041564,8.86777060,Maize,70.97773452,41.89621694,37.93394210,5.91007630,69.45345701,42.94096344
Field_8,2023-01-01,15.17150083,75.82808825,0.32647963,0.42268151,-0.42268151,0.48964549,26.14611000,21.41869110,6.15739005,Maize,85.93437978,37.09820247,35.70423081,6.08918289,70.10425040,32.07009757
Field_8,2023-01-16,15.17150083,75.82808825,0.32001012,0.45813649,-0.45813649,0.47994592,24.40169586,23.17752637,12.99119926,Maize,73.08127521,44.61661082,28.33969216,5.98483013,56.00945819,43.68168463
Field_8,2023-01-31,15.17150083,75.82808825,0.27884710,0.41426491,-0.41426491,0.41821025,27.06236330,20.62948484,5.75097408,Maize,80.83801721,74.52847104,21.42629286,6.07539688,70.10787169,30.35913596
Field_8,2023-02-15,15.17150083,75.82808825,0.27948510,0.43119890,-0.43119890,0.41917234,26.19112406,25.06572690,5.71710609,Maize,62.58195751,57.49369358,45.21213673,6.75700968,69.78970315,30.11918403
Field_8,2023-02-03,15.17150083,75.82808825,0.27436763,0.43139913,-0.43139913,0.41150060,26.23316352,17.54637650,5.67100798,Maize,87.70521664,56.77475783,25.88098384,6.35741132,75.36480955,29.92096286
Field_8,2023-03-17,15.17150083,75.82808825,0.23165082,0.38715678,-0.38715678,0.34743021,28.92863251,21.55383881,5.39347856,Maize,79.36836583,56.38843126,49.93079464,6.21205418,69.60854044,28.96115513
Field_8,2023-01-04,15.17150083,75.82808825,0.22179311,0.38908368,-0.38908368,0.33264880,28.93091237,17.76317655,5.30034156,Maize,88.89455351,59.76425894,19.15056732,5.68021487,76.19912466,28.55428011
Field_8,2023-04-16,15.17150083,75.82808825,0.21314322,0.39251131,-0.39251131,0.31968021,28.84422285,23.76538371,5.21567157,Maize,81.18454676,62.82710276,56.22053371,6.05152103,54.82175580,28.16827048
Field_8,2023-01-05,15.17150083,75.82808825,0.06682905,0.09308518,-0.09308518,0.10023131,45.62851775,20.38358033,4.61169229,Maize,61.17267596,41.99879869,38.29116071,5.84018700,63.06828371,29.62884747
Field_8,2023-05-16,15.17150083,75.82808825,0.20282385,0.39388374,-0.39388374,0.30420352,28.87953068,38.09060325,5.11971224,Maize,69.95916756,38.46920496,38.75542580,6.70242359,69.41584985,27.75096277
Field_8,2023-05-31,15.17150083,75.82808825,0.18782978,0.37315718,-0.37315718,0.28171501,30.09105210,30.46293682,10.37019259,Maize,76.63291809,36.85479283,38.81853528,5.61069236,57.85928593,28.02221278
Field_8,2023-10-13,15.17150083,75.82808825,0.60055060,0.59205960,-0.59205960,0.90072457,14.69787199,39.72765406,15.86809747,Maize,65.42471837,42.69488638,53.72111026,6.77993648,49.97948309,54.01005047
Field_8,2023-10-28,15.17150083,75.82808825,0.32650480,0.39794251,-0.39794251,0.48970800,27.40913453,24.27023032,6.21571827,Maize,70.84523224,34.88555391,52.52744387,6.04729332,65.34087156,32.45610721
Field_8,2023-12-11,15.17150083,75.82808825,0.32984260,0.40207887,-0.40207887,0.49468587,27.16382519,19.07415708,13.27719568,Maize,75.93625448,63.12464750,46.66070609,6.84289027,86.15000000,45.10053084
Field_8,2023-11-27,15.17150083,75.82808825,0.33806040,0.44916642,-0.44916642,0.50701197,24.67540187,29.39259057,6.19878427,Maize,60.11549155,44.32181298,32.26657812,6.53382649,79.02519744,32.10139565
Field_8,2023-12-12,15.17150083,75.82808825,0.31781862,0.41853416,-0.41853416,0.47665908,26.44634545,15.53484293,6.08965405,Maize,65.00871364,43.17495582,44.47750020,6.27863139,77.09775086,31.79884756
Field_8,2023-12-27,15.17150083,75.82808825,0.28880618,0.41817961,-0.41817961,0.43314822,26.76075110,20.80115625,5.83094019,Maize,98.95000000,60.09503329,35.38116027,6.89760852,63.44461348,30.68254943
Field_9,2023-01-16,25.54506250,84.97383098,0.38349593,0.38525993,-0.38525993,0.57514900,27.47471941,14.65802682,14.19163161,Maize,60.60653735,42.57095327,55.70315531,6.15633172,79.64412354,47.93822328
Field_9,2023-01-31,25.54506250,84.97383098,0.37654297,0.32426421,-0.32426421,0.56473238,30.66043681,12.58819336,6.83569077,Maize,73.48076584,59.02335808,28.35462895,5.50397887,77.20735699,35.54418427
Field_9,2023-02-15,25.54506250,84.97383098,0.63370524,0.62763327,-0.62763327,0.95040727,12.54272064,14.39035038,8.42090120,Maize,79.13482485,42.17961205,30.86910341,6.04762193,83.60015930,40.71879988
Field_9,2023-02-03,25.54506250,84.97383098,0.61169953,0.58905166,-0.58905166,0.91741318,14.73760777,8.94148976,14.98282566,Maize,76.20068920,59.23615317,37.97381867,5.95658149,64.73172775,53.99961777
Field_9,2023-03-17,25.54506250,84.97383098,0.54390271,0.54573382,-0.54573382,0.81574561,17.64200652,16.44350385,14.46445714,Maize,83.57697623,59.25038972,25.56426569,5.35486412,80.35913745,51.77745421
Field_9,2023-01-04,25.54506250,84.97383098,0.36221037,0.44877076,-0.44877076,0.54322987,24.44896539,8.91471712,6.41516314,Maize,83.63999368,44.82921837,42.84387569,6.00029338,82.04451783,33.04033800
Field_9,2023-04-16,25.54506250,84.97383098,0.26341202,0.38356484,-0.38356484,0.39506747,28.78767974,19.76316407,5.68606042,Maize,85.14778043,58.06895816,27.43870055,6.63709775,79.77135043,30.24437634
Field_9,2023-01-05,25.54506250,84.97383098,0.32128171,0.38808421,-0.38808421,0.48185957,27.96588529,13.99049495,13.25555780,Maize,64.31876751,64.10483575,45.95050611,6.21285474,68.21141333,44.97533853
Field_9,2023-05-16,25.54506250,84.97383098,0.30726531,0.39509873,-0.39509873,0.46083976,27.75084067,20.25557495,6.05014139,Maize,78.75587010,54.37931898,31.52170275,5.95516663,70.80066631,31.75711679
Field_9,2023-05-31,25.54506250,84.97383098,0.30588598,0.38750008,-0.38750008,0.45877210,28.15294806,21.66282371,6.05578606,Maize,72.63168347,51.74002239,36.09058101,5.78348096,75.87344615,31.83014564
Field_9,2023-06-15,25.54506250,84.97383098,0.28518533,0.40747975,-0.40747975,0.42772617,27.34411163,27.23500446,13.09468481,Maize,86.15641422,51.58790794,51.23438825,5.75243904,50.40082095,43.19134807
Field_9,2023-08-29,25.54506250,84.97383098,0.67795735,0.59338375,-0.59338375,1.01681208,13.83970982,26.90717088,15.70346137,Maize,75.68325476,50.42099949,43.59464460,5.28266449,80.90121990,56.88947367
Field_9,2023-09-28,25.54506250,84.97383098,0.68256192,0.58451815,-0.58451815,1.02371976,14.24539995,24.81271790,16.12587056,Maize,75.72125674,50.09582123,58.03137019,6.11267071,63.25517102,57.44240639
Field_9,2023-10-13,25.54506250,84.97383098,0.69919414,0.63207134,-0.63207134,1.04864578,11.64726395,15.10279495,8.99571637,Maize,88.30952802,47.90634885,30.98380937,5.88471088,86.15000000,43.18091537
Field_9,2023-10-28,25.54506250,84.97383098,0.59077753,0.56762384,-0.56762384,0.88604516,16.04548014,10.87413897,14.83794589,Maize,56.04967454,39.56917022,34.37577255,6.08101687,73.67892908,53.44668506
Field_9,2023-12-11,25.54506250,84.97383098,0.46510925,0.48758248,-0.48758248,0.69755567,21.41617581,10.12380438,7.24398829,Maize,83.66986022,32.75597736,58.68821399,6.53163013,62.47861666,36.41009777
Field_9,2023-11-27,25.54506250,84.97383098,0.40752919,0.46147401,-0.46147401,0.61120584,23.33744642,22.49293702,14.29041327,Maize,80.22891666,48.16589618,30.19876456,6.32555048,75.25864164,47.72956942
Field_9,2023-12-12,25.54506250,84.97383098,0.33718970,0.36211361,-0.36211361,0.50571222,29.12959129,7.03191852,13.23297913,Maize,80.53337015,54.07184500,34.41089409,6.25514217,58.82555838,45.98730973
Field_9,2023-12-27,25.54506250,84.97383098,0.36831656,0.36937701,-0.36937701,0.55240591,28.44079520,5.74699623,13.82755064,Maize,87.48699209,70.47067291,24.78407354,5.56581390,79.16440122,47.40615594
Field_10,2023-01-01,26.85633861,75.97532686,0.43975375,0.50337997,-0.50337997,0.65953800,20.86843979,6.56107700,6.97962976,Bajra,66.00279853,68.29374860,29.99235205,5.89894973,71.61463181,35.17904002
Field_10,2023-01-16,26.85633861,75.97532686,0.42972391,0.50239175,-0.50239175,0.64449865,21.02133591,13.92667068,6.89213743,Bajra,72.66148797,55.17535028,27.67859454,5.30122126,77.27633120,34.80346308
Field_10,2023-01-31,26.85633861,75.97532686,0.40819491,0.48082453,-0.48082453,0.61219956,22.34252525,14.88110693,13.89340508,Bajra,98.95000000,61.44453873,34.99718621,6.06245108,74.00622221,47.22880017
Field_10,2023-02-15,26.85633861,75.97532686,0.39260157,0.47707003,-0.47707003,0.58881803,22.69349952,12.02035186,6.62025268,Bajra,78.69766143,59.76176865,49.50006992,5.71383104,60.71106644,33.77062649
Field_10,2023-02-03,26.85633861,75.97532686,0.38201600,0.46642905,-0.46642905,0.57294487,23.34498317,13.80872842,6.55063513,Bajra,78.87990182,51.74122493,45.68811418,5.54604328,50.23910659,33.53067456
Field_10,2023-03-17,26.85633861,75.97532686,0.28564933,0.33525704,-0.33525704,0.42842417,31.02738033,29.15834346,4.51196985,Bajra,84.95826834,56.41584033,35.40435345,6.25042494,73.58510036,42.29413649
Field_10,2023-01-04,26.85633861,75.97532686,0.35536880,0.43225853,-0.43225853,0.53298311,25.36202389,5.16052918,6.39258447,Bajra,65.08478025,68.44199101,40.45418335,5.30464904,77.88606203,33.02990531
Field_10,2023-04-16,26.85633861,75.97532686,0.32065908,0.41572663,-0.41572663,0.48093072,26.56070131,12.76360220,6.12164050,Bajra,74.03973703,56.25994367,44.60853201,5.80045377,85.68205758,31.95533795
Field_10,2023-01-05,26.85633861,75.97532686,0.32063272,0.40538957,-0.40538957,0.48089720,27.08882566,5.96262138,6.14610072,Bajra,53.89089805,66.66898822,47.69549390,5.55420061,71.95036865,32.11182834
Field_10,2023-05-16,26.85633861,75.97532686,0.27558570,0.36119840,-0.36119840,0.41333468,29.80547964,18.61739075,5.84693341,Bajra,88.42481565,48.58326223,36.06705507,6.58026193,68.91785325,31.06855907
Field_10,2023-05-31,26.85633861,75.97532686,0.33848685,0.39407213,-0.39407213,0.50767818,27.48440187,14.81613510,6.33143392,Bajra,68.20432883,40.98454441,53.34684804,5.41589567,80.93146082,32.97774184
Field_10,2023-06-15,26.85633861,75.97532686,0.32736376,0.38893775,-0.38893775,0.49099480,27.86018432,34.58961883,6.24488238,Bajra,77.19686462,50.25941218,30.58032348,6.41944705,68.92338734,32.63346298
Field_10,2023-08-14,26.85633861,75.97532686,0.50294264,0.49914175,-0.49914175,0.75433143,20.43952171,25.50778505,14.33745215,Bajra,53.30491430,44.07670736,40.26849243,6.37706292,69.14333700,50.84894456
Field_10,2023-08-29,26.85633861,75.97532686,0.45000330,0.47168973,-0.47168973,0.67492605,22.38200434,32.47653256,7.14614741,Bajra,76.92329668,35.26700790,41.52385914,6.55296571,85.08248190,36.06581890
Field_10,2023-09-13,26.85633861,75.97532686,0.53028459,0.54046864,-0.54046864,0.79531225,18.04995011,21.67641781,15.02516065,Bajra,66.55555924,58.06001409,34.26752373,6.52194839,81.58175042,51.64182921
Field_10,2023-09-28,26.85633861,75.97532686,0.47889543,0.49390847,-0.49390847,0.71825285,20.95234659,22.06702864,7.35217773,Bajra,77.08836214,42.77636195,47.10425921,6.37448301,80.71273937,36.83783817
Field_10,2023-10-13,26.85633861,75.97532686,0.45576885,0.49497185,-0.49497185,0.68356755,21.13423471,12.38351190,7.14238430,Bajra,83.29562859,78.49400489,56.02603280,5.02000000,72.14298729,35.93019390
Field_10,2023-10-28,26.85633861,75.97532686,0.40476965,0.45924122,-0.45924122,0.60707851,23.47964511,17.57342934,14.18128305,Bajra,98.95000000,51.57136401,33.53773566,5.88784118,65.03394989,47.59394441
Field_10,2023-12-11,26.85633861,75.97532686,0.44039938,0.48377742,-0.48377742,0.66051922,21.86283771,9.44380081,7.03137253,Bajra,61.85606737,40.29133651,26.30029474,6.12416178,77.40908420,35.51288619
Field_10,2023-11-27,26.85633861,75.97532686,0.05521093,0.00588025,-0.00588025,0.08279643,50.20023700,11.07864180,11.96763313,Bajra,59.27311664,61.08097737,48.27833169,6.06704044,69.60002871,42.88879998
Field_10,2023-12-12,26.85633861,75.97532686,0.42461249,0.48470377,-0.48470377,0.63682759,21.97676370,7.57755952,6.88837432,Bajra,95.11060485,69.10482790,38.65296338,5.92750631,82.66433061,34.88692462
Field_10,2023-12-27,26.85633861,75.97532686,0.43559700,0.49605146,-0.49605146,0.65330485,21.28511764,14.52522066,6.95987343,Bajra,81.60925370,55.03981005,37.39881593,5.68434764,79.37691604,35.13730925
Field_11,2023-01-01,22.34393983,73.23452663,0.34885372,0.42059583,-0.42059583,0.52318947,26.02410988,9.95226229,6.36247959,Bajra,95.05650652,57.08540332,43.45569840,6.24857804,60.98806802,32.96730915
Field_11,2023-01-16,22.34393983,73.23452663,0.32001782,0.41829767,-0.41829767,0.47994987,26.43596173,6.81932790,6.10941039,Bajra,69.86893905,65.02998889,27.39397777,6.01321070,83.82438944,31.89274180
Field_11,2023-01-31,22.34393983,73.23452663,0.30795803,0.42169189,-0.42169189,0.46185929,26.38580293,7.63949447,13.06363915,Bajra,67.89951674,62.86541863,26.21833441,5.72115525,74.82787380,43.82774232
Field_11,2023-02-15,22.34393983,73.23452663,0.28133233,0.40267580,-0.40267580,0.42193183,27.62877258,14.54805590,5.80083530,Bajra,72.18604147,31.56528085,46.45088635,6.07828379,82.69537505,30.64081866
Field_11,2023-02-03,22.34393983,73.23452663,0.23832381,0.33594753,-0.33594753,0.35743276,31.47545062,5.94527277,5.57316710,Bajra,77.67904089,53.84077779,44.58869765,6.28129211,74.02346316,30.02528979
Field_11,2023-03-17,22.34393983,73.23452663,0.26907217,0.39305466,-0.39305466,0.40354548,28.24528139,21.87430552,13.14078292,Bajra,75.62767232,59.51614833,36.99341289,6.20945670,78.42864076,42.81577113
Field_11,2023-01-04,22.34393983,73.23452663,0.23509728,0.35610750,-0.35610750,0.35259533,30.47894621,10.15093566,5.49696410,Bajra,76.70472355,56.25140092,48.05200063,6.18364886,77.91291733,29.58711669
Field_11,2023-04-16,22.34393983,73.23452663,0.21320001,0.33247762,-0.33247762,0.31975711,31.90922547,10.89918577,5.35678823,Bajra,98.25139033,55.83289636,45.63955361,5.70600789,58.33147898,29.10721283
Field_11,2023-01-05,22.34393983,73.23452663,0.18636264,0.30705952,-0.30705952,0.27950930,33.48127145,13.86017377,5.17709968,Bajra,91.26159596,59.86949150,37.11916158,6.32717457,71.61978349,28.47081857
Field_11,2023-05-16,22.34393983,73.23452663,0.19755790,0.32338036,-0.32338036,0.29629979,32.53352231,27.37198259,12.58102019,Bajra,73.00903561,43.76125944,42.51443451,5.53793283,76.12402228,40.84399219
Field_11,2023-05-31,22.34393983,73.23452663,0.20571700,0.33477110,-0.33477110,0.30853663,31.86853307,13.42859378,5.28434834,Bajra,77.31209785,68.59361517,19.99104411,6.38957906,79.08467008,28.78379935
Field_11,2023-06-15,22.34393983,73.23452663,0.17770495,0.29453077,-0.29453077,0.26652554,34.20946383,33.99320385,5.12912002,Bajra,61.59929726,46.36041950,48.21012432,6.32496411,72.67239179,28.33519356
Field_11,2023-09-28,22.34393983,73.23452663,0.51717190,0.47360768,-0.47360768,0.77564823,21.59808121,27.06479899,3.25226851,Bajra,79.23145201,48.35668987,52.04927079,6.65866444,75.55421723,49.06495409
Field_11,2023-10-13,22.34393983,73.23452663,0.48257321,0.44608782,-0.44608782,0.72375078,23.35671742,12.29878792,7.49705749,Bajra,93.21505034,47.85359205,40.69204678,5.76800208,74.53097461,37.72461705
Field_11,2023-10-28,22.34393983,73.23452663,0.47137893,0.48534004,-0.48534004,0.70695662,21.46665321,16.77459935,7.30513884,Bajra,87.46197291,54.97693476,27.54031361,6.29352765,68.59694309,36.68134778
Field_11,2023-12-11,22.34393983,73.23452663,0.42125248,0.47686768,-0.47686768,0.63178359,22.41122419,6.58792857,6.87708499,Bajra,93.82201401,62.42963242,38.45301618,5.31154429,86.15000000,34.87649193
Field_11,2023-11-27,22.34393983,73.23452663,0.45888594,0.53258958,-0.53258958,0.68821471,19.18147455,28.36718048,13.71183498,Bajra,58.68937409,41.80278016,42.86089081,6.57807789,71.26489581,48.28250214
Field_11,2023-12-12,22.34393983,73.23452663,0.42323233,0.45223064,-0.45223064,0.63474358,23.64907901,14.31080081,6.95234720,Bajra,84.03671245,51.61361678,54.79038244,5.88556324,78.88511193,35.34596310
Field_11,2023-12-27,22.34393983,73.23452663,0.37752640,0.42356685,-0.42356685,0.56619071,25.57956654,12.68602286,6.61178568,Bajra,76.48505335,59.00376154,30.76869218,5.94678726,86.15000000,34.02101112
Field_12,2023-01-16,27.48970503,80.61771069,0.50352847,0.48215203,-0.48215203,0.75516974,21.30110779,13.94825115,14.39389881,Bajra,77.84716110,64.29131046,26.97537258,5.71851020,63.02008881,51.17235803
Field_12,2023-01-31,27.48970503,80.61771069,0.57453476,0.52976113,-0.52976113,0.86164245,18.14480051,12.84425055,8.12267466,Bajra,80.31120168,29.96000000,34.08684126,6.65299539,70.23237956,39.96764600
Field_12,2023-02-15,27.48970503,80.61771069,0.62920260,0.63243227,-0.63243227,0.94362805,12.34364801,5.47585383,8.36915842,Bajra,76.53151332,56.96766908,35.30721045,5.94714374,76.00047436,40.46841525
Field_12,2023-02-03,27.48970503,80.61771069,0.54677034,0.53899029,-0.53899029,0.82002517,17.95707377,6.79431757,7.85267146,Bajra,80.32587411,80.05671986,35.20959961,5.77818297,80.96915622,38.75745364
Field_12,2023-03-17,27.48970503,80.61771069,0.55480277,0.57054469,-0.57054469,0.83205256,16.26373411,15.51617808,14.61780391,Bajra,85.40028848,50.22233604,34.00760634,5.83240967,76.29214941,51.89221384
Field_12,2023-01-04,27.48970503,80.61771069,0.39169817,0.41403445,-0.41403445,0.58746386,25.92159810,5.55984832,3.17042085,Bajra,69.37556234,44.77984025,53.10596597,6.46262860,78.79517714,34.72000154
Field_12,2023-04-16,27.48970503,80.61771069,0.31409267,0.37868077,-0.37868077,0.47107992,28.51948637,18.98904676,6.14986383,Bajra,65.86974099,42.96109774,44.74405181,5.79086314,75.65891016,32.27875143
Field_12,2023-01-05,27.48970503,80.61771069,0.38772766,0.43996898,-0.43996898,0.58150979,24.63781753,4.57544091,14.18598694,Bajra,67.02697929,72.84652401,35.93532395,6.15743060,86.03979036,47.24966555
Field_12,2023-05-16,27.48970503,80.61771069,0.38020982,0.44942631,-0.44942631,0.57024714,24.23166391,11.39380784,6.57415457,Bajra,59.97670387,64.49342698,45.05083132,6.11779468,69.60059829,33.72889572
Field_12,2023-05-31,27.48970503,80.61771069,0.38703485,0.41597692,-0.41597692,0.58048771,25.87003286,20.70938366,6.71433045,Bajra,79.56267149,48.98460063,51.01112218,5.89054253,72.49929605,34.51134768
Field_12,2023-06-15,27.48970503,80.61771069,0.37610414,0.40476690,-0.40476690,0.56409462,26.55409966,32.06859906,6.64283134,Bajra,70.30530592,51.90501025,44.36115282,6.41727937,67.91417970,34.26096305
Field_12,2023-08-29,27.48970503,80.61771069,0.72549625,0.66427071,-0.66427071,1.08811673,9.73440310,26.58268642,15.78530903,Bajra,84.35400447,41.41167127,53.34793446,5.60164905,65.84216057,57.66149294
Field_12,2023-09-13,27.48970503,80.61771069,0.74642942,0.66758599,-0.66758599,1.11950294,9.35132255,18.45943763,16.42974176,Bajra,87.17202253,62.58107450,41.65143431,6.06246277,83.99913994,58.77779106
Field_12,2023-09-28,27.48970503,80.61771069,0.73402266,0.66356456,-0.66356456,1.10088976,9.68338286,21.95912835,9.23279235,Bajra,61.82589365,48.64798159,42.48497468,6.28191366,70.51303881,44.03639618
Field_12,2023-10-13,27.48970503,80.61771069,0.67555420,0.63864204,-0.63864204,1.01319834,11.55316655,10.25487561,8.76898895,Bajra,51.53460970,81.10000000,32.80948885,5.99768223,70.27647129,42.16894417
Field_12,2023-10-28,27.48970503,80.61771069,0.59822701,0.57258984,-0.57258984,0.89721597,15.71581385,26.61227475,8.23368643,Bajra,69.25251065,48.68901208,49.33960833,6.76610394,77.77094312,40.21803063
Field_12,2023-12-11,27.48970503,80.61771069,0.61474837,0.59046111,-0.59046111,0.92197184,14.63449815,5.05210051,15.42499117,Bajra,80.05009434,52.51329767,43.66129714,6.22465103,68.09084828,54.34389664
Field_12,2023-11-27,27.48970503,80.61771069,0.49212795,0.46967351,-0.46967351,0.73809110,22.05474778,10.16892947,14.29323560,Bajra,78.27210845,45.97531298,25.76554816,5.48853408,56.50464810,50.86980994
Field_12,2023-12-12,27.48970503,80.61771069,0.60342497,0.58108870,-0.58108870,0.90499415,15.22873856,10.62714377,8.26002821,Bajra,92.70620064,63.94773195,30.47630007,5.63892460,63.71332751,40.28062678
Field_12,2023-12-27,27.48970503,80.61771069,0.53765041,0.52065865,-0.52065865,0.80634033,18.98630835,6.64529624,15.28105219,Bajra,96.89614964,33.71935371,45.84602213,5.85877716,69.06925836,52.37211770
Field_13,2023-01-01,19.09470733,74.86794962,0.56639063,0.57129473,-0.57129473,0.84944353,16.10708846,16.65171122,7.95145312,Jowar,87.11215577,68.37550473,19.13494747,6.03576347,70.57321905,39.00783826
Field_13,2023-01-16,19.09470733,74.86794962,0.60774558,0.62343425,-0.62343425,0.91146465,13.02226372,18.27255645,8.19887766,Jowar,95.24404765,60.18952571,29.13568929,6.26850749,79.45404908,39.79029022
Field_13,2023-01-31,19.09470733,74.86794962,0.60068386,0.61574842,-0.61574842,0.90088063,13.48685657,16.94445570,8.15372033,Jowar,96.14620666,58.77817618,48.04536435,6.15671240,76.46198370,39.63379983
Field_13,2023-02-15,19.09470733,74.86794962,0.52688077,0.57347252,-0.57347252,0.79019951,16.39939032,18.86766449,7.59395760,Jowar,93.67792315,55.27185842,32.73249062,6.07696965,80.48271943,37.44293435
Field_13,2023-02-03,19.09470733,74.86794962,0.38652941,0.43517320,-0.43517320,0.57971036,24.89494865,16.18961622,6.66446923,Jowar,62.20109299,48.03053640,53.50018701,6.94731200,75.28500252,34.18793421
Field_13,2023-03-17,19.09470733,74.86794962,0.38109448,0.46743675,-0.46743675,0.57155517,23.30293734,28.99725455,13.38162201,Jowar,48.37059874,58.58392616,42.94072809,5.94639047,82.60155903,46.11250204
Field_13,2023-01-04,19.09470733,74.86794962,0.30404324,0.39791585,-0.39791585,0.45600192,27.63989287,21.57792987,6.01533262,Jowar,92.38559419,54.28700153,29.74778803,5.94492347,74.94568918,31.59019371
Field_13,2023-04-16,19.09470733,74.86794962,0.25612260,0.34686620,-0.34686620,0.38412823,30.73611825,23.93468204,5.70675753,Jowar,82.79842129,63.28143171,41.69134231,6.33140118,86.15000000,30.53649174
Field_13,2023-01-05,19.09470733,74.86794962,0.25871045,0.37936978,-0.37936978,0.38800915,29.04991425,20.44505811,5.65313320,Jowar,65.69275246,54.92914782,36.58365763,5.20601804,67.22038938,30.12961672
Field_13,2023-05-16,19.09470733,74.86794962,0.22953828,0.33260814,-0.33260814,0.34425814,31.73569969,35.70642373,5.50260877,Jowar,86.94723742,75.66052034,31.11499366,7.01899033,63.43383504,29.73317439
Field_13,2023-05-31,19.09470733,74.86794962,0.19623866,0.30795699,-0.30795699,0.29431343,33.33458023,34.59810853,5.26271045,Jowar,79.57726698,35.53484523,50.08544056,6.19317456,75.09359879,28.83596281
Field_13,2023-06-15,19.09470733,74.86794962,0.19255160,0.30575558,-0.30575558,0.28878003,33.48464896,42.03176011,5.23542790,Jowar,69.84101797,41.53050992,52.01641928,6.92634275,71.56306129,28.73163589
Field_13,2023-09-28,19.09470733,74.86794962,0.36276940,0.35630721,-0.35630721,0.54408431,29.16484901,37.78684419,31.69668228,Jowar,77.08848823,61.27262542,37.17768702,6.64801663,71.21005745,57.29634869
Field_13,2023-10-13,19.09470733,74.86794962,0.42336529,0.49578169,-0.49578169,0.63494647,21.42381453,39.20470642,6.85168399,Jowar,84.54081539,40.59729188,37.40930503,7.17748717,76.87293891,34.66783807
Field_13,2023-10-28,19.09470733,74.86794962,0.37848045,0.47269244,-0.47269244,0.56762351,23.06125551,31.09460172,6.50453702,Jowar,58.33200738,37.11039445,25.23319113,6.81631382,70.79405934,33.29072263
Field_13,2023-12-11,19.09470733,74.86794962,0.46270140,0.53703584,-0.53703584,0.69392638,18.91546220,18.87055070,14.05427806,Jowar,75.16330467,69.86431202,44.84077151,5.59509208,69.46876030,48.54331946
Field_13,2023-11-27,19.09470733,74.86794962,0.46793716,0.51152536,-0.51152536,0.70179253,20.16466662,36.72573166,14.13142184,Jowar,66.92067938,40.71826710,59.79152766,6.35722155,67.23970044,49.19014641
Field_13,2023-12-12,19.09470733,74.86794962,0.63921463,0.59957266,-0.59957266,0.95867709,13.91935175,15.15702595,8.53661685,Jowar,87.74272779,52.72196543,47.61042666,5.90664984,86.10035631,41.37605952
Field_13,2023-12-27,19.09470733,74.86794962,0.67161964,0.63791976,-0.63791976,1.00727588,11.63023262,15.29934065,8.73606173,Jowar,66.71058948,46.35099274,36.88365751,6.11664693,69.91532446,42.02288648
Field_14,2023-01-01,12.90677064,77.65434998,0.57312663,0.53693258,-0.53693258,0.85953843,17.79297599,15.52472790,8.09256978,Jowar,77.49085321,54.80728570,29.92883502,6.28961812,81.56918399,39.80072292
Field_14,2023-01-16,12.90677064,77.65434998,0.58749349,0.55979621,-0.55979621,0.88106881,16.47873223,15.98493079,8.16783199,Jowar,63.32952228,46.62174243,56.82146373,5.97410552,71.07723504,39.99894408
Field_14,2023-01-31,12.90677064,77.65434998,0.55309833,0.53491771,-0.53491771,0.82947871,18.10041111,18.76333525,14.59804758,Jowar,75.90256217,44.23107124,27.12035733,6.03789232,79.30807590,52.37211770
Field_14,2023-02-15,12.90677064,77.65434998,0.50827661,0.51741347,-0.51741347,0.76225815,19.45201255,19.17070176,7.55914882,Jowar,56.78604037,78.58390460,36.52719202,6.16560380,79.94095683,37.60985743
Field_14,2023-02-03,12.90677064,77.65434998,0.50455945,0.55554693,-0.55554693,0.75666929,17.54271392,20.12364947,7.43590694,Jowar,70.64143846,59.89947401,33.78145961,6.44044411,86.15000000,36.86913625
Field_14,2023-03-17,12.90677064,77.65434998,0.44876610,0.49115186,-0.49115186,0.67299291,21.40081835,33.04913000,14.50773292,Jowar,72.40594809,51.73887125,34.36315175,6.61798639,54.14980914,48.98149255
Field_14,2023-01-04,12.90677064,77.65434998,0.28580569,0.25660393,-0.25660393,0.42860616,35.04215503,19.15581611,6.18467260,Jowar,63.39036345,65.35243345,29.09724004,5.80839136,65.58131807,33.10293416
Field_14,2023-04-16,12.90677064,77.65434998,0.49203318,0.48794488,-0.48794488,0.73791881,21.12269943,29.94406359,7.48294583,Jowar,69.89193606,54.65424326,21.93320271,6.20633292,83.05750805,37.44293435
Field_14,2023-01-05,12.90677064,77.65434998,0.11503988,0.07334696,-0.07334696,0.17253855,46.14406644,17.84080685,15.25094730,Jowar,98.95000000,55.05895626,18.96000000,5.98524359,57.21797030,43.46259808
Field_14,2023-05-16,12.90677064,77.65434998,0.54001202,0.47841132,-0.47841132,0.80990514,21.11952257,23.20584232,7.93451912,Jowar,93.44670889,54.70735464,47.30571967,6.51404213,73.99936697,39.43557867
Field_14,2023-05-31,12.90677064,77.65434998,0.65094687,0.57403058,-0.57403058,0.97629161,15.10382182,33.74453503,17.03560260,Jowar,52.62297311,40.62787368,37.95144116,7.00654779,58.05076775,46.45678090
Field_14,2023-08-14,12.90677064,77.65434998,0.59280017,0.53401388,-0.53401388,0.88908907,17.74109429,37.41302639,2.86278654,Jowar,83.30720674,49.13351923,30.52735511,6.66450240,60.40982113,51.03673303
Field_14,2023-10-13,12.90677064,77.65434998,0.70209891,0.62266314,-0.62266314,1.05298882,12.09802132,39.03281312,9.04369603,Jowar,63.41398016,52.43456678,53.04290839,6.95251487,65.35616209,43.44173269
Field_14,2023-10-28,12.90677064,77.65434998,0.64199071,0.57040605,-0.57040605,0.96283661,15.38037437,38.39194607,15.99886557,Jowar,94.53694619,47.09854830,23.89897628,6.64591352,77.69100351,56.02356017
Field_14,2023-12-11,12.90677064,77.65434998,0.59043861,0.53881115,-0.53881115,0.88551200,17.52024289,16.61562116,14.99223343,Jowar,56.11427882,43.16111722,50.14258359,6.03448054,86.15000000,53.96831970
Field_14,2023-11-27,12.90677064,77.65434998,0.59043861,0.53881115,-0.53881115,0.88551200,17.52024289,35.38840191,15.13711320,Jowar,86.02134798,41.39384398,38.63531096,6.13025783,66.77668624,54.05178124
Field_15,2023-01-01,23.40625179,77.31925800,0.64756931,0.56491680,-0.56491680,0.97122773,15.60370587,8.70840698,8.69278595,Jowar,51.77967691,57.56886196,52.18782333,5.98475919,77.51386855,42.24197302
Field_15,2023-01-16,23.40625179,77.31925800,0.73623500,0.67123144,-0.67123144,1.10421297,9.26928413,13.88113993,9.23467391,Jowar,82.72306858,63.50236771,49.90166381,6.86468641,73.46454401,43.99466541
Field_15,2023-01-31,23.40625179,77.31925800,0.61326240,0.51983924,-0.51983924,0.91978525,18.25593524,6.90233415,8.49145952,Jowar,72.86416359,64.38647556,37.83076715,5.85539372,70.93404971,41.61601146
Field_15,2023-02-15,23.40625179,77.31925800,0.77495036,0.71971174,-0.71971174,1.16226539,6.39827290,14.56730420,9.46704600,Jowar,84.88251937,64.95637853,55.89778344,5.99263683,76.06886460,43.84860771
Field_15,2023-02-03,23.40625179,77.31925800,0.64066695,0.63851490,-0.63851490,0.96087237,11.91595799,5.55240532,8.45759153,Jowar,72.24684350,55.05805926,26.00027133,6.19883975,86.15000000,40.82312681
Field_15,2023-03-17,23.40625179,77.31925800,0.33448866,0.39640929,-0.39640929,0.50165684,27.40588912,18.92926495,3.14501985,Jowar,98.95000000,48.74880878,36.14820393,6.22403975,60.78023870,43.22264614
Field_15,2023-01-04,23.40625179,77.31925800,0.23818467,0.34742220,-0.34742220,0.35722853,30.89092466,11.53131002,5.54494377,Jowar,76.11007243,51.81438688,43.44907224,6.63629345,75.10332710,29.83750132
Field_15,2023-04-16,23.40625179,77.31925800,0.17688737,0.28807840,-0.28807840,0.26529441,34.54729970,20.69662000,5.13664624,Jowar,54.98849652,68.24310942,20.29228713,5.45801767,76.31411593,28.39778972
Field_15,2023-01-05,23.40625179,77.31925800,0.16719041,0.27107831,-0.27107831,0.25074486,35.51443276,5.26894806,5.09054814,Jowar,81.92442930,61.51480434,54.34064883,5.62008257,73.13246520,28.29346279
Field_15,2023-05-16,23.40625179,77.31925800,0.05298771,0.08143089,-0.08143089,0.07946898,46.36499667,22.10898786,11.25264207,Jowar,89.10782348,49.48771181,53.39535062,5.57267675,72.64107406,41.31346337
Field_15,2023-05-31,23.40625179,77.31925800,0.15454626,0.27563114,-0.27563114,0.23177300,35.41107856,22.86914947,4.96636548,Jowar,56.22296113,45.68486235,50.74808612,5.77419347,73.79590073,27.73009738
Field_15,2023-06-15,23.40625179,77.31925800,0.12999566,0.26497108,-0.26497108,0.19495588,36.20615987,28.69767763,4.77256527,Jowar,61.30484200,49.49973264,39.82454109,6.19146485,67.26333062,26.95807812
Field_15,2023-08-29,23.40625179,77.31925800,0.67925346,0.61331091,-0.61331091,1.01874406,12.80890492,32.34271556,15.48896406,Jowar,67.81356982,39.05197454,40.71119416,6.67439729,70.52034195,56.50346404
Field_15,2023-09-13,23.40625179,77.31925800,0.67925346,0.61331091,-0.61331091,1.01874406,12.80890492,12.70457521,16.10987734,Jowar,88.83710663,57.55059663,66.00000000,6.67277860,76.50360276,56.84774290
Field_15,2023-09-28,23.40625179,77.31925800,0.48613969,0.44470039,-0.44470039,0.72909989,23.39114186,16.28119646,7.53280705,Jowar,94.67227681,36.47941690,51.77817151,6.18750609,78.45869242,37.89154014
Field_15,2023-10-13,23.40625179,77.31925800,0.05161351,0.02976099,-0.02976099,0.07741291,49.01752197,14.21132917,4.62486317,Jowar,80.59324464,54.30210472,37.57241426,6.11609356,86.15000000,30.67211674
Field_15,2023-10-28,23.40625179,77.31925800,0.24503547,0.29885293,-0.29885293,0.36753526,33.30111722,25.26438177,5.72086920,Jowar,90.37570146,40.49712219,40.69033075,6.60199466,77.92663458,30.85990521
Field_15,2023-12-11,23.40625179,77.31925800,0.19879098,0.27656929,-0.27656929,0.29815054,34.91130655,13.47037337,11.95540302,Jowar,79.30291627,68.61661554,31.29827304,6.17695284,61.57536447,41.27173260
Field_15,2023-11-27,23.40625179,77.31925800,0.29575972,0.33699855,-0.33699855,0.44356122,30.83519491,23.59411625,13.33928701,Jowar,76.18424740,76.96571661,47.94594275,6.77795011,58.84640268,44.83971352
Field_15,2023-12-12,23.40625179,77.31925800,0.60424238,0.50735733,-0.50735733,0.90621326,18.98543649,10.85074293,8.44065753,Jowar,87.44823394,67.76025035,50.02576776,5.96124793,83.20851538,41.46995376
Field_15,2023-12-27,23.40625179,77.31925800,0.68614872,0.59488301,-0.59488301,1.02908447,13.67949361,12.46881267,8.96655226,Jowar,81.91895740,31.30682681,49.47631093,5.91181638,68.21734231,43.25394422
Field_16,2023-01-01,23.32433990,77.39727179,0.45533747,0.42502945,-0.42502945,0.68290281,24.71020521,14.20326407,7.30325729,Soybean,46.67835875,59.28110214,62.68757912,5.73753255,70.10895977,37.00476125
Field_16,2023-01-16,23.32433990,77.39727179,0.57017314,0.54786459,-0.54786459,0.85513433,17.26490382,14.93465957,15.02421987,Soybean,42.24733399,43.53175014,48.06037713,6.17277134,57.91516635,53.06067543
Field_16,2023-01-31,23.32433990,77.39727179,0.19904090,0.15451826,-0.15451826,0.29852773,41.14121308,10.15361480,12.91687783,Soybean,32.03958943,73.66958138,65.02852400,5.86078543,58.90645768,43.72341540
Field_16,2023-02-15,23.32433990,77.39727179,0.62452727,0.60355815,-0.60355815,0.93666526,13.86583543,7.40510073,8.39550020,Soybean,40.37039988,75.33707018,78.25605683,6.83298230,70.29610322,40.73966526
Field_16,2023-02-03,23.32433990,77.39727179,0.55998211,0.57734053,-0.57734053,0.83986508,15.86381318,8.23533788,7.87995402,Soybean,38.54008864,58.73214498,61.52735228,6.31729078,84.70654648,38.66355940
Field_16,2023-03-17,23.32433990,77.39727179,0.40348496,0.40956091,-0.40956091,0.60513126,26.02965944,18.90883069,14.26313071,Soybean,37.69153205,40.81682517,67.49658118,5.82485975,69.96770525,48.37639637
Field_16,2023-01-04,23.32433990,77.39727179,0.29431788,0.35247216,-0.35247216,0.44142003,30.05977015,9.64055706,6.03508895,Soybean,38.35815482,63.32759211,55.18240695,5.92341264,64.82647052,31.92403987
Field_16,2023-04-16,23.32433990,77.39727179,0.24034088,0.31212436,-0.31212436,0.36046916,32.67136562,25.86887061,5.64748853,Soybean,49.97192951,46.66836649,73.90610698,6.46938521,63.27320212,30.47389558
Field_16,2023-01-05,23.32433990,77.39727179,0.30801319,0.35516973,-0.35516973,0.46195682,29.78215184,6.33965360,6.15080461,Soybean,47.49581240,63.86895781,69.04233666,6.25178376,71.95425637,32.41437643
Field_16,2023-05-16,23.32433990,77.39727179,0.11272332,0.09304648,-0.09304648,0.16903662,45.16178136,14.94824139,5.02187136,Soybean,53.29651061,53.81085264,71.10398239,6.70228572,58.87050852,29.49322246
Field_16,2023-05-31,23.32433990,77.39727179,0.27516912,0.34164717,-0.34164717,0.41270288,30.80810536,22.02950264,5.88926840,Soybean,58.34995433,69.84334821,57.29784451,6.45017659,67.24818298,31.36067446
Field_16,2023-06-15,23.32433990,77.39727179,0.24972904,0.33546124,-0.33546124,0.37454499,31.38380247,34.73535142,5.67665264,Soybean,48.77844836,78.43700907,68.84005678,6.60299758,49.58836657,30.47389558
Field_16,2023-08-29,23.32433990,77.39727179,0.36301939,0.34017656,-0.34017656,0.54446286,29.98599708,28.39730252,14.18128305,Soybean,46.76921513,60.63141402,61.77219051,7.26853659,85.59000000,47.85476173
Field_16,2023-09-13,23.32433990,77.39727179,0.36301939,0.34017656,-0.34017656,0.54446286,29.98599708,17.70351051,13.35245790,Soybean,48.23289026,75.39417387,55.36151833,7.05865624,71.37197528,47.39572325
Field_16,2023-09-28,23.32433990,77.39727179,0.42965550,0.40403939,-0.40403939,0.64439120,26.04433608,19.09323323,7.12356875,Soybean,64.59621762,82.25324164,79.53436366,6.41349331,62.72211608,36.34750161
Field_16,2023-10-13,23.32433990,77.39727179,0.26671269,0.25099287,-0.25099287,0.40002105,35.52367438,21.75770122,6.02662195,Soybean,29.94644790,57.60419055,62.94983627,6.36190723,84.75754388,32.44567451
Field_16,2023-10-28,23.32433990,77.39727179,0.43859797,0.47173614,-0.47173614,0.65779604,22.49611578,12.83832067,7.04360264,Soybean,40.12626311,68.60306677,54.09718012,5.54298579,78.11703848,35.62764581
Field_16,2023-12-11,23.32433990,77.39727179,0.39289596,0.44597305,-0.44597305,0.58924789,24.27844049,12.12602481,13.40984534,Soybean,46.99932537,51.00184327,76.25357815,5.68659957,70.21495714,46.91581938
Field_16,2023-11-27,23.32433990,77.39727179,0.34030813,0.38117009,-0.38117009,0.51038540,28.12463554,26.26150303,13.75981464,Soybean,48.46523777,54.21173103,61.10311924,6.03138448,70.79936852,46.10206935
Field_16,2023-12-12,23.32433990,77.39727179,0.38119528,0.38816816,-0.38816816,0.57169624,27.34970871,13.81370480,6.72750134,Soybean,48.81113287,77.15920147,73.47446103,6.06872630,56.84069884,34.72000154
Field_16,2023-12-27,23.32433990,77.39727179,0.34363959,0.35004328,-0.35004328,0.51538404,29.68008264,8.30367699,6.48101758,Soybean,60.40367264,65.38407384,73.05484823,6.59023037,65.81823660,33.86452073
Field_17,2023-01-01,19.09087972,74.68960217,0.52317533,0.54378437,-0.54378437,0.78463119,17.95324024,23.76094249,7.63064793,Soybean,57.99993337,68.11529144,61.18558836,6.45546176,62.21362570,37.76634783
Field_17,2023-01-16,19.09087972,74.68960217,0.53882914,0.56840760,-0.56840760,0.80810761,16.53600013,22.93764102,7.71249559,Soybean,47.08964962,58.21757522,74.06912072,6.85343082,74.00983827,37.98543437
Field_17,2023-01-31,19.09087972,74.68960217,0.53213423,0.55962984,-0.55962984,0.79807095,17.05260517,20.58563878,7.67298292,Soybean,56.36984700,71.03754467,66.67291359,6.93332457,60.02211660,37.86024206
Field_17,2023-02-15,19.09087972,74.68960217,0.48134955,0.54053820,-0.54053820,0.72190832,18.54616521,19.55819966,7.26374462,Soybean,47.03932755,66.66078470,61.42177613,6.93739262,67.60507436,36.20144391
Field_17,2023-02-03,19.09087972,74.68960217,0.36989826,0.41787972,-0.41787972,0.55476457,25.94788147,21.83246750,6.55627979,Soybean,62.05621156,62.14904294,65.98742749,6.27988113,85.59000000,33.82278996
Field_17,2023-03-17,19.09087972,74.68960217,0.42728507,0.50210833,-0.50210833,0.64082497,21.06071627,39.07088837,13.83131375,Soybean,37.60073657,66.41591537,62.99541887,6.92940072,75.37405360,47.60437711
Field_17,2023-01-04,19.09087972,74.68960217,0.33750035,0.41226881,-0.41226881,0.50617621,26.56527472,21.93415820,6.28063193,Soybean,71.52388849,80.47726597,73.30863847,6.47276460,72.89142237,32.65432837
Field_17,2023-04-16,19.09087972,74.68960217,0.36430974,0.39971634,-0.39971634,0.54638142,26.93245781,36.99784875,6.54969435,Soybean,66.41242799,65.57340573,81.12831053,6.53901049,71.29222113,33.88538612
Field_17,2023-01-05,19.09087972,74.68960217,0.37544748,0.41315537,-0.41315537,0.56308412,26.13245398,18.08420565,13.34493168,Soybean,41.18742074,62.79888329,53.93386478,6.75925646,56.37773232,46.72803091
Field_17,2023-05-16,19.09087972,74.68960217,0.34097801,0.39748669,-0.39748669,0.51139024,27.28459773,36.06626469,6.34648637,Soybean,50.38688366,53.49926176,58.28133077,6.91000746,84.81031977,33.01947262
Field_17,2023-05-31,19.09087972,74.68960217,0.29783680,0.36635300,-0.36635300,0.44668863,29.31501528,25.52064542,6.03414817,Soybean,31.39763503,63.58583197,57.86437160,6.76526608,70.54781136,31.84057833
Field_17,2023-06-15,19.09087972,74.68960217,0.26938369,0.33180409,-0.33180409,0.40401033,31.36982167,44.16787947,5.86104507,Soybean,47.81806847,59.93757972,70.45787881,7.19656727,68.34416807,31.28764562
Field_17,2023-09-28,19.09087972,74.68960217,0.52774685,0.52298552,-0.52298552,0.79149225,18.96863215,22.65006430,27.02948411,Soybean,27.65580395,36.61000000,63.26551764,6.87939051,65.76587019,58.47524297
Field_17,2023-10-13,19.09087972,74.68960217,0.51750738,0.51641237,-0.51641237,0.77613627,19.40886016,30.05076415,7.64381882,Soybean,44.44775686,64.09108934,55.36874243,6.54374196,61.42730071,37.97500168
Field_17,2023-10-28,19.09087972,74.68960217,0.47114055,0.49070026,-0.49070026,0.70660103,21.19537173,35.67385520,2.64358534,Soybean,46.87320105,85.42000000,60.11660854,6.30135054,65.57592556,36.58745354
Field_17,2023-12-11,19.09087972,74.68960217,0.50433156,0.54252139,-0.54252139,0.75637185,18.21018239,16.79629313,7.46507105,Soybean,60.90471165,67.27470190,68.34568458,6.13978014,65.83190257,37.05692472
Field_17,2023-11-27,19.09087972,74.68960217,0.48446042,0.50694710,-0.50694710,0.72657899,20.22970277,27.33083667,14.67048746,Soybean,41.64805190,84.20987206,60.80017667,6.63173721,66.99634849,50.20211761
Field_17,2023-12-12,19.09087972,74.68960217,0.59709451,0.57898057,-0.57898057,0.89549334,15.40104132,22.96011600,8.20828544,Soybean,54.21809943,44.90269407,83.42433825,7.00262637,57.19995824,40.07197293
Field_17,2023-12-27,19.09087972,74.68960217,0.60635302,0.60311807,-0.60311807,0.90938103,14.07391892,24.91033938,8.23462721,Soybean,50.03352206,66.96524817,56.68011969,6.75661036,71.81055931,40.05110754
Field_18,2023-01-01,26.38556389,74.61188542,0.37942720,0.43488368,-0.43488368,0.56906442,24.98226696,8.13349717,6.60143712,Soybean,48.02950794,55.43837445,53.91655268,6.24738038,72.57421536,33.92711689
Field_18,2023-01-16,26.38556389,74.61188542,0.36540518,0.41480022,-0.41480022,0.54803691,26.15102117,8.22936760,6.52335257,Soybean,54.96463032,51.46086071,74.82395045,6.04918058,56.43722959,33.69759765
Field_18,2023-01-31,26.38556389,74.61188542,0.39832278,0.44586647,-0.44586647,0.59740367,24.22845975,6.94843342,14.18880928,Soybean,19.64259031,84.88710574,51.68783815,5.73641768,49.77284510,47.56264634
Field_18,2023-02-15,26.38556389,74.61188542,0.38911411,0.44347979,-0.44347979,0.58359913,24.44438084,13.16554676,6.66823234,Soybean,51.98522695,60.48655740,62.06749184,6.48666494,64.75439532,34.16706882
Field_18,2023-02-03,26.38556389,74.61188542,0.38076468,0.41855429,-0.41855429,0.57107272,25.80245762,6.37651816,6.65223912,Soybean,48.33156364,81.04176976,63.42844496,6.13950033,59.66125654,34.22966498
Field_18,2023-03-17,26.38556389,74.61188542,0.33378845,0.38743928,-0.38743928,0.50061421,27.87108798,12.57355046,6.30509215,Soybean,60.98082707,52.00688021,61.99892151,6.30197435,74.70253065,32.90471299
Field_18,2023-01-04,26.38556389,74.61188542,0.31047839,0.36632519,-0.36632519,0.46565683,29.18732881,14.08968636,6.14704149,Soybean,62.56089139,65.79433747,71.08412996,6.39448908,54.11285294,32.33091489
Field_18,2023-04-16,26.38556389,74.61188542,0.26965152,0.33339688,-0.33339688,0.40442862,31.28575175,25.72365982,5.85916352,Soybean,41.78966503,69.96195013,63.48937521,6.22358946,68.26451064,31.27721292
Field_18,2023-01-05,26.38556389,74.61188542,0.28401181,0.34959496,-0.34959496,0.42596157,30.31194702,14.57858230,5.94947818,Soybean,49.33493030,72.90603065,81.12199817,6.73318539,63.83637462,31.56932832
Field_18,2023-05-16,26.38556389,74.61188542,0.30357586,0.35248081,-0.35248081,0.45531245,29.96477805,29.87272717,13.02506726,Soybean,50.37118081,74.65313478,53.09817354,6.54365973,85.59000000,44.72495390
Field_18,2023-05-31,26.38556389,74.61188542,0.40092604,0.40943984,-0.40943984,0.60132242,26.06197588,15.01188668,6.85356555,Soybean,57.42553672,66.61680309,72.45659258,6.18776180,83.40928765,35.14774194
Field_18,2023-06-15,26.38556389,74.61188542,0.40252880,0.41273447,-0.41273447,0.60372596,25.87736856,30.03004273,6.86015099,Soybean,29.18631270,72.33915864,57.13990116,6.75271612,60.08902660,35.15817463
Field_18,2023-08-29,26.38556389,74.61188542,0.38776484,0.40507296,-0.40507296,0.58157504,26.41938131,25.85009480,6.74631689,Soybean,60.18300267,81.47510518,70.77699524,6.81316754,66.01462845,34.70956884
Field_18,2023-09-13,26.38556389,74.61188542,0.38776484,0.40507296,-0.40507296,0.58157504,26.41938131,16.84277286,13.70430876,Soybean,43.36040335,68.13884591,66.25414029,6.83023446,59.75661918,47.52091556
Field_18,2023-09-28,26.38556389,74.61188542,0.42178840,0.41250413,-0.41250413,0.63259794,25.69243488,22.18313169,7.03325409,Soybean,36.70453823,76.11610940,65.64959623,6.02002424,48.45745388,35.90932851
Field_18,2023-10-13,26.38556389,74.61188542,0.36239391,0.39185802,-0.39185802,0.54351441,27.35330416,14.22904401,6.55063513,Soybean,44.02794958,72.11112505,68.64514321,6.26016838,62.70661601,33.93754958
Field_18,2023-10-28,26.38556389,74.61188542,0.33273635,0.38297976,-0.38297976,0.49903499,28.10955568,16.52197329,13.33552390,Soybean,44.29670257,64.73679621,67.89995606,6.55776934,76.85315608,45.53870394
Field_18,2023-12-11,26.38556389,74.61188542,0.33435812,0.41755412,-0.41755412,0.50147185,26.32747507,13.32254069,6.24017849,Soybean,36.27551360,80.91787726,67.15790676,6.26078520,69.25596135,32.45610721
Field_18,2023-11-27,26.38556389,74.61188542,0.29095475,0.34007985,-0.34007985,0.43637365,30.72692292,10.86115971,12.68732807,Soybean,45.77350975,53.94044972,55.96470831,5.99408541,80.09511712,44.24505004
Field_18,2023-12-12,26.38556389,74.61188542,0.33769211,0.37863453,-0.37863453,0.50646488,28.28082974,6.84358988,6.36059803,Soybean,53.85646344,70.36070840,63.17080881,5.73482503,69.18891976,33.19682839
Field_18,2023-12-27,26.38556389,74.61188542,0.38462638,0.43439719,-0.43439719,0.57685771,24.95401079,11.54087501,6.64941679,Soybean,51.66324667,66.61047450,72.13069937,5.77889907,67.54784790,34.13577074
Field_19,2023-01-16,26.70654183,80.86121951,0.53321268,0.47145445,-0.47145445,0.79969716,21.54421161,7.18918684,17.93216375,Sugarcane,85.90574629,33.97000000,33.10000000,6.89000000,61.46423311,54.44822356
Field_19,2023-01-31,26.70654183,80.86121951,0.67234624,0.59678663,-0.59678663,1.00837698,13.72324974,8.03290009,11.66093960,Sugarcane,111.87564236,64.57433709,49.54304390,6.62640588,67.76306420,43.94250194
Field_19,2023-02-15,26.70654183,80.86121951,0.68696149,0.63024916,-0.63024916,1.03030363,11.86524273,6.66067856,11.71362315,Sugarcane,101.51210776,65.95494329,33.10000000,6.89000000,64.93396132,44.01553079
Field_19,2023-02-03,26.70654183,80.86121951,0.68771772,0.64309521,-0.64309521,1.03143031,11.20154372,9.59757695,11.69010370,Sugarcane,101.17026851,57.96931521,51.81730817,6.89000000,92.78803109,43.82774232
Field_19,2023-03-17,26.70654183,80.86121951,0.51230603,0.50672834,-0.50672834,0.76833245,19.95648980,23.99281168,6.37094659,Sugarcane,97.60128815,69.89288996,37.87843945,6.89000000,67.70529821,48.35553099
Field_19,2023-01-04,26.70654183,80.86121951,0.40204218,0.43865483,-0.43865483,0.60296926,24.55873167,7.52340565,9.61757043,Sugarcane,84.78971972,66.32678048,64.67272408,6.89000000,72.73013927,34.85562654
Field_19,2023-04-16,26.70654183,80.86121951,0.33739062,0.40221788,-0.40221788,0.50602360,27.07964001,20.63347994,9.12554369,Sugarcane,79.26118503,52.18145338,58.95997803,6.89000000,83.93033700,32.81081876
Field_19,2023-05-16,26.70654183,80.86121951,0.32924447,0.39005992,-0.39005992,0.49380998,27.78367384,20.58598118,9.08132714,Sugarcane,117.41420576,51.15860314,44.84650268,5.88492067,74.37826292,32.68562645
Field_19,2023-05-31,26.70654183,80.86121951,0.33428480,0.36432976,-0.36432976,0.50137395,29.04609226,20.05731284,9.18669424,Sugarcane,101.98663885,59.09864057,45.18996738,6.50495021,72.87320316,33.28028993
Field_19,2023-06-15,26.70654183,80.86121951,0.31628399,0.35511054,-0.35511054,0.47437648,29.70070612,33.94551898,9.04745914,Sugarcane,97.77346300,51.57708642,49.50436357,6.28992166,77.11829104,32.73778991
Field_19,2023-08-29,26.70654183,80.86121951,0.55625459,0.46753072,-0.46753072,0.83428629,21.50925064,27.93406047,17.02149093,Sugarcane,119.96113824,46.13993187,49.69996085,6.68696317,79.15740033,54.88639666
Field_19,2023-09-28,26.70654183,80.86121951,0.70467395,0.63667271,-0.63667271,1.05686943,11.35633299,10.33662164,11.85662136,Sugarcane,125.07948845,71.32629177,36.14913353,6.89000000,74.40127457,44.67279044
Field_19,2023-10-13,26.70654183,80.86121951,0.36064729,0.30334114,-0.30334114,0.54091615,31.89120069,23.65177745,9.56582766,Sugarcane,102.24657102,43.71055981,38.50533419,6.42619814,79.94757472,35.34596310
Field_19,2023-10-28,26.70654183,80.86121951,0.50450704,0.51262654,-0.51262654,0.75666056,19.73495203,16.45642767,16.33566399,Sugarcane,121.27403175,38.31059533,39.18894736,6.32431778,79.44089786,51.80875229
Field_19,2023-12-11,26.70654183,80.86121951,0.37465886,0.43101592,-0.43101592,0.56191455,25.22847029,11.35918768,15.49084561,Sugarcane,87.42290219,43.25343156,34.62358626,6.89000000,64.90570280,47.60437711
Field_19,2023-11-27,26.70654183,80.86121951,0.39724636,0.47784065,-0.47784065,0.59577168,22.60671161,16.73036218,15.86809747,Sugarcane,87.54391924,60.60146315,51.27554826,6.89000000,82.64466633,47.94865597
Field_19,2023-12-12,26.70654183,80.86121951,0.40075705,0.40726353,-0.40726353,0.60103880,26.17483352,12.58417131,9.67966176,Sugarcane,95.21775368,53.77263586,43.20033964,6.51818749,88.96050330,35.32509772
Field_19,2023-12-27,26.70654183,80.86121951,0.29887238,0.30873595,-0.30873595,0.44824241,32.24661762,9.55376828,15.53412139,Sugarcane,103.94119560,52.34305859,40.24692619,6.52864062,60.89791628,46.61327129
Field_20,2023-01-01,19.08367827,74.52220393,0.33849376,0.47337698,-0.47337698,0.50766205,23.43467862,21.46224182,8.96749304,Sugarcane,121.02785194,55.03730052,57.67213809,6.80556474,77.20862542,31.73625140
Field_20,2023-01-16,19.08367827,74.52220393,0.31927798,0.47863428,-0.47863428,0.47884498,23.36246640,21.61680104,8.78404139,Sugarcane,104.54103977,52.32134254,46.89256828,6.75233198,83.99154053,30.91206868
Field_20,2023-01-31,19.08367827,74.52220393,0.31174475,0.46040755,-0.46040755,0.46754352,24.37013874,23.45188785,8.75958117,Sugarcane,107.12111101,51.54762213,34.58165846,5.97470835,78.65422877,30.91206868
Field_20,2023-02-15,19.08367827,74.52220393,0.26851996,0.42775302,-0.42775302,0.40272031,26.47907123,20.03522988,8.45006530,Sugarcane,93.38060738,62.41360686,33.10000000,6.73772875,82.00340344,29.75403978
Field_20,2023-02-03,19.08367827,74.52220393,0.21700745,0.33086492,-0.33086492,0.32546049,31.95269211,22.63606074,8.21675243,Sugarcane,96.68823567,55.63370278,37.49102614,6.69487932,72.95222415,29.28456860
Field_20,2023-03-17,19.08367827,74.52220393,0.21125576,0.37985233,-0.37985233,0.31682802,29.50992168,23.52184195,15.01951599,Sugarcane,88.31022620,66.17040346,47.74920363,6.22533769,69.03113764,41.83509801
Field_20,2023-01-04,19.08367827,74.52220393,0.17742331,0.32586970,-0.32586970,0.26609620,32.61203753,16.90445177,7.87525013,Sugarcane,118.42858472,36.55073273,33.10000000,6.02077309,84.71786718,27.83442431
Field_20,2023-04-16,19.08367827,74.52220393,0.18512872,0.31425565,-0.31425565,0.27765065,33.12640740,34.76552057,7.97120946,Sugarcane,86.20159391,43.20501795,52.49869240,5.50856523,82.13398528,28.31432818
Field_20,2023-01-05,19.08367827,74.52220393,0.09992915,0.13706419,-0.13706419,0.14987597,43.04471018,20.81584788,7.62688482,Sugarcane,96.91668244,67.33407141,40.07457623,6.89000000,63.60982084,28.83596281
Field_20,2023-05-16,19.08367827,74.52220393,0.18318867,0.31848817,-0.31848817,0.27474381,32.93008965,29.88855474,14.28570938,Sugarcane,87.14734987,71.02517652,53.14840666,6.37046416,63.29214847,41.30303067
Field_20,2023-05-31,19.08367827,74.52220393,0.16050084,0.29876691,-0.29876691,0.24071665,34.16885182,35.78852744,7.78775780,Sugarcane,109.89259890,68.35045169,35.70677752,5.71243880,74.70196750,27.60490507
Field_20,2023-06-15,19.08367827,74.52220393,0.14608020,0.28268971,-0.28268971,0.21908870,35.13709986,41.41205470,7.69650237,Sugarcane,103.56995658,40.07121099,45.08194403,6.22764430,78.83464921,27.29192428
Field_20,2023-09-28,19.08367827,74.52220393,0.50825021,0.52863893,-0.52863893,0.76225229,18.87906103,24.96419038,40.25117391,Sugarcane,112.13059845,52.65385006,47.33261650,6.57896659,73.41275792,64.96437788
Field_20,2023-10-13,19.08367827,74.52220393,0.47971789,0.52149666,-0.52149666,0.71946178,19.53517345,39.04695451,10.11712339,Sugarcane,107.11207279,47.46097758,49.33225055,6.60759847,55.18901818,36.82740548
Field_20,2023-10-28,19.08367827,74.52220393,0.39682564,0.46184615,-0.46184615,0.59514959,23.42775749,24.07983275,2.34065492,Sugarcane,127.64000000,51.50966683,38.23499274,5.84937137,73.10419321,34.16706882
Field_20,2023-12-11,19.08367827,74.52220393,0.40604138,0.52603474,-0.52603474,0.60896709,20.05588810,15.82933363,9.44728967,Sugarcane,106.45844792,48.97440110,63.65107715,6.72371896,90.96784921,33.54110725
Field_20,2023-11-27,19.08367827,74.52220393,0.39238512,0.52016213,-0.52016213,0.58848929,20.49523885,37.23729041,15.79471681,Sugarcane,114.22552246,61.58625042,51.09161117,6.28363903,89.62843589,47.06187708
Field_20,2023-12-12,19.08367827,74.52220393,0.44956372,0.51708515,-0.51708515,0.67423517,20.06840494,22.51296334,9.85746874,Sugarcane,118.81733627,58.28614485,49.70889543,5.93896994,90.52428782,35.59634773
Field_20,2023-12-27,19.08367827,74.52220393,0.43840731,0.53365324,-0.53365324,0.65750142,19.33630518,17.41447003,9.71917442,Sugarcane,77.34811726,64.10563588,51.69787646,6.56143046,73.79106202,34.82432846
Field_21,2023-01-01,15.12004379,75.54430611,0.36364384,0.43832513,-0.43832513,0.54538710,24.96772495,19.04582980,9.27512735,Sugarcane,111.25375498,57.63813360,61.12571247,6.60068001,62.07563986,33.25942455
Field_21,2023-01-16,15.12004379,75.54430611,0.36057982,0.46116367,-0.46116367,0.54079139,23.83278154,22.94869407,16.24629011,Sugarcane,120.52120919,63.30460417,53.59319174,6.89000000,72.50245032,47.00971362
Field_21,2023-01-31,15.12004379,75.54430611,0.30999609,0.41222475,-0.41222475,0.46492780,26.84842220,22.75030962,15.73638859,Sugarcane,95.27918889,59.96208554,61.33649127,6.69975067,76.49535056,45.53870394
Field_21,2023-02-15,15.12004379,75.54430611,0.29628171,0.41987085,-0.41987085,0.44436551,26.59804206,19.28232663,8.71630539,Sugarcane,106.49214945,48.43082026,59.97664857,6.46848702,78.04789321,30.94336675
Field_21,2023-02-03,15.12004379,75.54430611,0.27343657,0.40832612,-0.40832612,0.41010544,27.42088084,24.52984635,8.53943919,Sugarcane,97.28523443,63.47562046,43.48990875,6.25458772,76.50509930,30.24437634
Field_21,2023-03-17,15.12004379,75.54430611,0.20046533,0.32658076,-0.32658076,0.30066527,32.34040269,25.41476394,8.07939889,Sugarcane,91.39917932,54.40584752,45.51598340,6.85235934,74.87829481,28.71077050
Field_21,2023-01-04,15.12004379,75.54430611,0.23610089,0.38204702,-0.38204702,0.35411219,29.14411128,21.41328530,3.92680612,Sugarcane,101.36049278,56.63901330,38.08597790,6.04068654,91.37226512,29.22197245
Field_21,2023-04-16,15.12004379,75.54430611,0.23389849,0.38961812,-0.38961812,0.35080826,28.77999086,29.23901369,8.22992332,Sugarcane,94.19218867,74.75201323,33.10000000,6.48734101,90.72105107,29.01331859
Field_21,2023-01-05,15.12004379,75.54430611,0.23109315,0.36951394,-0.36951394,0.34660328,29.83524837,25.04088391,8.25250199,Sugarcane,97.23631011,61.53027948,41.30441746,6.22047072,75.77089599,29.22197245
Field_21,2023-05-16,15.12004379,75.54430611,0.25328392,0.39707138,-0.39707138,0.37988401,28.20141388,35.75845344,8.38609242,Sugarcane,101.17810940,55.43592456,53.69200656,5.68311549,75.18819685,29.64971285
Field_21,2023-05-31,15.12004379,75.54430611,0.24037860,0.39196058,-0.39196058,0.36052538,28.59419380,28.15304320,9.51502566,Sugarcane,92.39562436,48.88074969,41.57882218,6.43537689,86.25989928,29.28456860
Field_21,2023-10-13,15.12004379,75.54430611,0.41676548,0.47482963,-0.47482963,0.62506745,22.56112094,32.88779527,16.60660797,Sugarcane,93.11619882,53.40405143,46.93768901,6.89000000,75.19896206,49.15884833
Field_21,2023-10-28,15.12004379,75.54430611,0.31663751,0.40815685,-0.40815685,0.47489854,26.98831877,35.45159399,8.92609882,Sugarcane,106.17460026,59.07052568,37.98474382,5.59473935,80.78135601,31.91360718
Field_21,2023-12-11,15.12004379,75.54430611,0.30954141,0.40269230,-0.40269230,0.46424333,27.33983437,19.19531253,15.02986454,Sugarcane,83.76171577,62.38162390,48.35836879,6.89000000,89.40864845,45.27788662
Field_21,2023-11-27,15.12004379,75.54430611,0.30995964,0.40510369,-0.40510369,0.46487403,27.21242677,39.04941626,8.87341527,Sugarcane,110.11278525,33.97000000,48.59759753,6.64821139,79.58076653,31.70495333
Field_21,2023-12-12,15.12004379,75.54430611,0.31891959,0.40567138,-0.40567138,0.47831446,27.09193104,17.40637030,8.95244060,Sugarcane,95.03882925,58.31508527,47.42876489,6.89000000,83.21681289,32.03879949
Field_21,2023-12-27,15.12004379,75.54430611,0.31643461,0.42037303,-0.42037303,0.47458878,26.36657986,22.36542610,8.89505316,Sugarcane,99.53590244,63.23675647,39.32199204,6.07587628,76.52053651,31.71538602
Field_22,2023-01-01,19.56094379,76.46332618,0.56563022,0.57674825,-0.57674825,0.84831061,15.83637407,20.18681704,7.93263757,Cotton,100.54416108,19.01598144,15.33000000,6.50922184,61.98300334,38.89307864
Field_22,2023-01-16,19.56094379,76.46332618,0.53003660,0.55737503,-0.55737503,0.79493951,17.18916829,18.11118001,14.37790559,Cotton,64.13951542,39.62916664,36.10089850,6.93671122,57.77627397,51.00543495
Field_22,2023-01-31,19.56094379,76.46332618,0.53712026,0.59341945,-0.59341945,0.80556472,15.27623834,20.08320107,7.63817415,Cotton,70.56882550,42.37306392,38.89113262,7.03853428,62.41921813,37.52639589
Field_22,2023-02-15,19.56094379,76.46332618,0.42761981,0.51869774,-0.51869774,0.64133974,20.21016981,22.60181626,6.83569077,Cotton,70.05853087,38.07079651,51.98716611,6.41519791,58.28088352,34.46961691
Field_22,2023-02-03,19.56094379,76.46332618,0.32512995,0.42536204,-0.42536204,0.48763093,26.02301468,21.03066124,6.13857449,Cotton,95.68878812,32.92265475,37.32543047,6.40005571,57.53564463,31.97620334
Field_22,2023-03-17,19.56094379,76.46332618,0.30706530,0.42561927,-0.42561927,0.46053180,26.19437098,26.82373681,13.19722958,Cotton,72.31215576,50.08874310,32.71253634,7.16379028,35.09000000,43.80687694
Field_22,2023-01-04,19.56094379,76.46332618,0.24532357,0.36840492,-0.36840492,0.36793429,29.74654669,16.31237810,5.55999621,Cotton,71.68582899,27.91123813,16.80345091,6.29997122,64.30551790,29.78533786
Field_22,2023-04-16,19.56094379,76.46332618,0.23279970,0.40120151,-0.40120151,0.34914366,28.19971394,23.52972744,5.37089989,Cotton,102.99174261,24.36045520,40.68114426,6.73184795,55.76678060,28.79423204
Field_22,2023-01-05,19.56094379,76.46332618,0.22124909,0.39126583,-0.39126583,0.33182111,28.82503847,16.63988235,12.39192387,Cotton,86.43537467,25.53001664,35.03080891,6.71499926,54.34320427,40.58317487
Field_22,2023-05-16,19.56094379,76.46332618,0.18776401,0.36765251,-0.36765251,0.28158961,30.37281625,20.95644644,5.04727236,Cotton,82.22316245,36.96615269,15.33000000,6.81088665,63.00268858,27.57360699
Field_22,2023-05-31,19.56094379,76.46332618,0.17039199,0.37129142,-0.37129142,0.25553767,30.36441611,30.94539802,4.88263627,Cotton,94.82791608,40.39168450,34.49312134,6.58864429,73.73011068,26.85375119
Field_22,2023-06-15,19.56094379,76.46332618,0.10437294,0.25573859,-0.25573859,0.15653239,36.93929285,38.80536030,4.56465340,Cotton,73.36420533,30.30743083,29.11497931,7.45181913,53.22715619,26.96851081
Field_22,2023-09-28,19.56094379,76.46332618,0.72187100,0.65312587,-0.65312587,1.08266934,10.34053168,28.30900432,10.08419617,Cotton,69.24267636,34.48928997,31.23978387,7.14074735,59.79947554,54.53168511
Field_22,2023-10-13,19.56094379,76.46332618,0.65592513,0.63643163,-0.63643163,0.98375874,11.86650927,29.06293296,8.59870818,Cotton,79.47114201,31.94559025,36.92096663,7.00290695,48.87151640,41.43865568
Field_22,2023-10-28,19.56094379,76.46332618,0.54899642,0.57597938,-0.57597938,0.82337655,16.04551463,28.09715642,7.78587625,Cotton,69.10353226,25.24632168,35.24557750,7.55312896,68.79837990,38.25668439
Field_22,2023-12-11,19.56094379,76.46332618,0.54057252,0.59227929,-0.59227929,0.81074263,15.29920224,23.55099548,14.76174290,Cotton,75.98000722,45.45878398,17.59034491,6.77395252,52.06155766,51.07846380
Field_22,2023-11-27,19.56094379,76.46332618,0.56462620,0.61739731,-0.61739731,0.84681789,13.77090919,20.83046349,15.32244640,Cotton,89.50330273,19.20143375,31.76243526,6.87601435,65.26920739,51.92351191
Field_22,2023-12-12,19.56094379,76.46332618,0.60303944,0.57620465,-0.57620465,0.90441562,15.48207715,16.52534805,8.26755443,Cotton,78.13835192,33.18025987,40.69426366,7.05280416,54.69499763,40.34322294
Field_22,2023-12-27,19.56094379,76.46332618,0.61576494,0.59907441,-0.59907441,0.92350703,14.18428286,23.57544563,5.09713358,Cotton,84.51863954,35.59748716,32.77610647,7.21103544,55.53052741,40.47884795
Field_23,2023-01-01,22.45065439,73.24685881,0.38481034,0.44426681,-0.44426681,0.57711614,24.44814592,5.73800047,6.62777890,Cotton,75.47752780,25.20461415,24.18200164,6.64441736,59.99882148,33.97928035
Field_23,2023-01-16,22.45065439,73.24685881,0.39023167,0.46594450,-0.46594450,0.58525021,23.28582120,11.70963392,6.62495657,Cotton,83.14797119,11.68000000,37.73935489,7.14493596,55.77063846,33.85408804
Field_23,2023-01-31,22.45065439,73.24685881,0.41421937,0.49470253,-0.49470253,0.62122244,21.57232699,5.53316934,14.24901905,Cotton,86.05922900,11.68000000,38.39021162,6.30835187,57.70138525,47.44788672
Field_23,2023-02-15,22.45065439,73.24685881,0.40671230,0.48396207,-0.48396207,0.60996865,22.19745074,12.29883337,6.73032367,Cotton,88.12680690,34.56817238,36.85249537,7.30187096,56.17210414,34.20879959
Field_23,2023-02-03,22.45065439,73.24685881,0.35668108,0.41640374,-0.41640374,0.53493982,26.15823665,5.51543976,6.44150491,Cotton,85.82030460,46.03582976,46.45592116,6.50376861,54.20952896,33.33245340
Field_23,2023-03-17,22.45065439,73.24685881,0.38284549,0.46369678,-0.46369678,0.57417400,23.47603381,16.36321086,13.32799768,Cotton,90.41054434,46.73323958,32.31533965,6.89826577,61.31680565,46.20639628
Field_23,2023-01-04,22.45065439,73.24685881,0.31908194,0.41847552,-0.41847552,0.47855301,26.43643807,7.23569207,6.10094339,Cotton,83.38324646,21.03270892,28.21934277,6.74407339,69.21447647,31.85101103
Field_23,2023-04-16,22.45065439,73.24685881,0.27299658,0.38913776,-0.38913776,0.40944114,28.40521620,24.88447114,5.75850030,Cotton,73.29011694,28.04236342,28.49991752,6.58034129,51.37986147,30.52605904
Field_23,2023-01-05,22.45065439,73.24685881,0.22109680,0.32715034,-0.32715034,0.33159416,32.10061044,7.32713806,5.44051744,Cotton,89.72110968,45.17487196,32.35352687,7.00467500,54.89276535,29.49322246
Field_23,2023-05-16,22.45065439,73.24685881,0.21063975,0.33667332,-0.33667332,0.31591777,31.72112237,20.17004148,12.07111867,Cotton,67.67668591,11.68000000,36.85249755,6.51998269,62.19926354,40.85442489
Field_23,2023-05-31,22.45065439,73.24685881,0.21695572,0.34689280,-0.34689280,0.32539201,31.13476655,10.20884250,5.35678823,Cotton,90.92914348,40.36573181,22.19527731,6.85461588,70.91359881,29.02375128
Field_23,2023-06-15,22.45065439,73.24685881,0.10336860,0.14752640,-0.14752640,0.15501306,42.47533713,31.03928365,12.05982934,Cotton,81.21376802,35.89466506,39.30617956,6.85021439,49.88702417,40.57274218
Field_23,2023-09-28,22.45065439,73.24685881,0.47566494,0.44865877,-0.44865877,0.71337819,23.29598706,14.99271092,14.64226413,Cotton,55.12000000,19.68174072,22.91040444,6.03823783,64.60011649,50.75505032
Field_23,2023-10-13,22.45065439,73.24685881,0.40121937,0.34657387,-0.34657387,0.60172915,29.26919118,16.03884770,7.00408998,Cotton,83.05875588,31.21496799,24.49218161,7.01013964,43.96254085,36.14928045
Field_23,2023-10-28,22.45065439,73.24685881,0.43178234,0.46273387,-0.46273387,0.64756255,23.02541807,13.79485969,7.00408998,Cotton,70.63860941,34.33705913,19.42580786,6.83046301,58.82420718,35.50245349
Field_23,2023-12-11,22.45065439,73.24685881,0.40754066,0.46918775,-0.46918775,0.61121345,22.94343219,11.76338420,6.77265866,Cotton,106.61495582,36.03030074,26.74068429,6.38600834,64.26698792,34.46961691
Field_23,2023-11-27,22.45065439,73.24685881,0.44354774,0.51361322,-0.51361322,0.66520471,20.30713732,23.85920826,14.14271117,Cotton,88.99655960,38.00206026,30.58893878,7.33559394,53.17011757,48.21990598
Field_23,2023-12-12,22.45065439,73.24685881,0.44449363,0.45472210,-0.45472210,0.66662798,23.30471528,14.66731643,7.13673963,Cotton,86.11027175,38.84798935,30.32455539,6.62912149,54.16221790,36.12841506
Field_23,2023-12-27,22.45065439,73.24685881,0.47810064,0.49024499,-0.49024499,0.71703292,21.14753728,7.11561086,7.35311851,Cotton,76.33718924,27.31196315,43.01573235,6.40311985,43.41768449,36.86913625
Field_24,2023-01-01,16.08392400,78.06899943,0.36760090,0.37055631,-0.37055631,0.55132750,28.38788440,24.26072359,6.64753523,Cotton,79.94885116,35.18975050,32.60352709,6.29278319,61.64014288,34.46961691
Field_24,2023-01-16,16.08392400,78.06899943,0.40581937,0.44593525,-0.44593525,0.60864609,24.14838554,22.34670993,13.90657597,Cotton,78.61554260,42.01595612,29.83492745,6.44530493,62.95561257,47.69827134
Field_24,2023-01-31,16.08392400,78.06899943,0.39079848,0.43528048,-0.43528048,0.58611815,24.84587135,16.44289340,13.89058274,Cotton,81.86110065,34.02166749,33.82164034,6.94989108,40.69573485,47.27053094
Field_24,2023-02-15,16.08392400,78.06899943,0.38205324,0.45076871,-0.45076871,0.57300978,24.14428837,23.86338948,6.58826623,Cotton,73.55146302,36.79449748,16.13660804,6.48730476,46.09378170,33.77062649
Field_24,2023-02-03,16.08392400,78.06899943,0.39911732,0.48312898,-0.48312898,0.59860810,22.31755865,22.43256267,6.66446923,Cotton,93.94104350,36.58939539,30.73837521,6.73333364,65.84504258,33.92711689
Field_24,2023-03-17,16.08392400,78.06899943,0.38603393,0.43970693,-0.43970693,0.57897970,24.66849694,23.95343041,13.50862700,Cotton,64.00054643,33.49030864,18.75627829,7.07400053,49.56131356,46.81149246
Field_24,2023-01-04,16.08392400,78.06899943,0.36977720,0.45728090,-0.45728090,0.55460292,23.93712135,20.63228952,6.46314280,Cotton,86.70424325,44.62735851,17.13293408,7.31082444,60.43697021,33.19682839
Field_24,2023-04-16,16.08392400,78.06899943,0.31692829,0.42690479,-0.42690479,0.47534537,26.02799729,34.57774511,6.06237150,Cotton,91.20693740,44.63620536,40.09330988,7.46251278,73.40353751,31.63192448
Field_24,2023-01-05,16.08392400,78.06899943,0.29383086,0.39518462,-0.39518462,0.44070464,27.88365914,23.74398529,12.76917573,Cotton,98.70417659,35.22430463,32.80758231,7.10534830,50.42401721,43.53562693
Field_24,2023-05-16,16.08392400,78.06899943,0.33490348,0.40953586,-0.40953586,0.50230576,26.73135272,21.35169434,6.26369793,Cotton,111.45525730,44.97192608,25.37600207,7.03200871,63.13549329,32.60216490
Field_24,2023-05-31,16.08392400,78.06899943,0.27698047,0.38465327,-0.38465327,0.41542925,28.59352676,28.63505288,5.80459841,Cotton,68.70603607,30.37375720,38.32524649,6.77116127,68.25401877,30.75557828
Field_24,2023-06-15,16.08392400,78.06899943,0.28521208,0.38360803,-0.38360803,0.42777356,28.56283309,38.19664287,5.87986063,Cotton,72.96082795,50.63229714,33.40073424,7.17318646,45.78547091,31.08942445
Field_24,2023-08-29,16.08392400,78.06899943,0.32849977,0.39166910,-0.39166910,0.49268262,27.70910785,40.63164229,13.06740226,Cotton,118.58782280,64.20184535,38.46764473,6.32545566,60.91108810,45.09009815
Field_24,2023-09-28,16.08392400,78.06899943,0.55938327,0.54407185,-0.54407185,0.83897164,17.56877287,28.30981436,9.48398000,Cotton,64.96550847,40.32831696,42.92172322,7.21352202,50.05324509,49.63875220
Field_24,2023-10-13,16.08392400,78.06899943,0.60314985,0.55121898,-0.55121898,0.90461937,16.75682696,33.93836380,8.32776420,Cotton,78.00713676,42.94395580,53.92977950,6.47308492,43.54644422,40.73966526
Field_24,2023-10-28,16.08392400,78.06899943,0.66031202,0.60830651,-0.60830651,0.99035433,13.25789788,21.43467626,8.70407528,Cotton,77.31692976,30.88880392,47.95390260,7.39500032,57.68391169,42.05418455
Field_24,2023-12-12,16.08392400,78.06899943,0.52289139,0.50686423,-0.50686423,0.78424239,19.84144365,19.81100958,7.71437714,Cotton,71.98117934,11.68000000,41.74384880,6.68133503,59.91945117,38.32971323
Field_24,2023-12-27,16.08392400,78.06899943,0.37476460,0.43286131,-0.43286131,0.56207336,25.13315660,22.09836321,6.56474679,Cotton,84.33492281,29.54797351,15.33000000,6.90915588,65.23068346,33.77062649
Field_25,2023-01-01,26.62920588,93.34137759,0.57567300,0.53519692,-0.53519692,0.86336079,17.85560088,14.04983490,14.96024699,Tea,89.17260912,46.26906761,56.05984680,6.22949557,79.72470446,53.43625237
Field_25,2023-01-16,26.62920588,93.34137759,0.32703639,0.30544092,-0.30544092,0.49048750,32.12724071,5.07561502,13.26966946,Tea,70.64831116,46.31974532,35.52649646,6.09879356,75.63482540,46.49851167
Field_25,2023-01-31,26.62920588,93.34137759,0.36851023,0.37561050,-0.37561050,0.55267419,28.12050825,10.03198564,6.64377212,Tea,73.65938129,55.50574833,39.91126902,5.84001726,86.15000000,34.42788614
Field_25,2023-02-15,26.62920588,93.34137759,0.42924446,0.48863258,-0.48863258,0.64374729,21.72883598,5.86991056,13.85953708,Tea,78.04495577,43.19014706,43.52249161,5.03035811,73.02523407,47.90692520
Field_25,2023-02-03,26.62920588,93.34137759,0.39217032,0.41071004,-0.41071004,0.58815208,26.08653476,14.19535180,14.26877538,Tea,66.22889452,55.51822079,18.96000000,6.36695697,81.27702709,47.91735789
Field_25,2023-03-17,26.62920588,93.34137759,0.20009098,0.16997639,-0.16997639,0.30008436,40.34112950,25.65826116,12.80680683,Tea,83.37576957,58.65802425,23.73254437,6.04923518,76.31398200,43.46259808
Field_25,2023-01-04,26.62920588,93.34137759,0.39981861,0.38572056,-0.38572056,0.59961965,27.28449607,9.08635984,8.06528723,Tea,85.74678955,36.33250859,58.77329751,6.39774793,77.65584286,45.91428088
Field_25,2023-04-16,26.62920588,93.34137759,0.27724172,0.24293184,-0.24293184,0.41580603,35.82777431,21.34347796,13.46911434,Tea,58.21709660,66.38907881,51.37714354,6.61050230,66.81111392,45.66389625
Field_25,2023-08-29,26.62920588,93.34137759,0.40767929,0.28424021,-0.28424021,0.61141274,32.38624613,34.23266720,14.21515105,Tea,86.04465136,54.56603545,43.62774816,6.74476872,82.86846133,50.47336762
Field_25,2023-09-13,26.62920588,93.34137759,0.40767929,0.28424021,-0.28424021,0.61141274,32.38624613,16.53713963,18.23603494,Tea,71.35789476,50.30181780,46.34987404,5.70595556,72.28306342,52.69553118
Field_25,2023-09-28,26.62920588,93.34137759,0.61921370,0.50533594,-0.50533594,0.92865872,18.93575715,25.33534763,8.57895185,Tea,98.95000000,51.60796896,36.63366487,6.86845780,83.99823048,42.07504994
Field_25,2023-10-13,26.62920588,93.34137759,0.67097871,0.55901068,-0.55901068,1.00630748,15.66622112,26.89962201,8.91575027,Tea,54.61054406,54.55035913,38.32502935,7.30000000,75.88711682,43.23307884
Field_25,2023-10-28,26.62920588,93.34137759,0.67102452,0.55928151,-0.55928151,1.00637462,15.65192317,16.22979882,8.91575027,Tea,63.28590527,48.50783249,51.27990721,6.54392296,61.81778788,43.23307884
Field_25,2023-12-11,26.62920588,93.34137759,0.65018006,0.56121119,-0.56121119,0.97510941,15.76626740,11.44377226,8.72477239,Tea,91.29641773,61.70801581,38.14239870,5.83336404,86.15000000,42.39846341
Field_25,2023-11-27,26.62920588,93.34137759,0.35042562,0.31062966,-0.31062966,0.52559667,31.62340996,28.89787353,6.63436434,Tea,98.95000000,56.37811536,41.58840944,6.35112809,72.30465773,34.75129961
Field_25,2023-12-12,26.62920588,93.34137759,0.59124368,0.53747353,-0.53747353,0.88671365,17.58032553,10.88729247,15.61314671,Tea,83.82001442,65.71828628,50.88748432,6.35222182,65.77921909,54.36476202
Field_25,2023-12-27,26.62920588,93.34137759,0.54241321,0.51233931,-0.51233931,0.81347802,19.36248836,14.76494895,7.87619091,Tea,81.49528187,60.44948876,23.53607836,5.97248714,86.15000000,38.99740557
Field_26,2023-01-01,27.11817603,88.17990102,0.71207871,0.65598559,-0.65598559,1.06792834,10.29450891,10.05202900,15.67147493,Tea,98.95000000,71.16443974,48.64498910,5.67075311,74.06110687,57.21288715
Field_26,2023-01-16,27.11817603,88.17990102,0.11881775,0.07368667,-0.07368667,0.17821601,46.08813644,5.87709530,5.12253458,Tea,92.89315450,66.06461436,31.04687086,6.13333145,71.60262194,29.77490516
Field_26,2023-01-31,27.11817603,88.17990102,0.68829062,0.68094718,-0.68094718,1.03225978,9.26280611,9.13903933,8.78310061,Tea,87.51042775,51.55495110,42.03953438,5.69662881,67.40736828,41.99158840
Field_26,2023-02-15,27.11817603,88.17990102,0.61065313,0.59707985,-0.59707985,0.91583114,14.33834045,11.76625737,15.75896726,Tea,98.95000000,61.63641547,33.47340794,5.87243454,55.15909746,54.26043509
Field_26,2023-02-03,27.11817603,88.17990102,0.03155187,0.01981561,-0.01981561,0.04732474,49.73026372,5.33328485,11.75501737,Tea,94.73603963,66.65061197,53.85163875,6.45311252,57.99842423,42.62798266
Field_26,2023-03-17,27.11817603,88.17990102,0.00235121,-0.02701109,0.02701109,0.00352661,52.41966212,10.16721204,11.29874018,Tea,60.18547381,64.01716124,40.34356030,5.09076071,78.25711192,43.19134807
Field_26,2023-01-04,27.11817603,88.17990102,0.63928908,0.58757048,-0.58757048,0.95880745,14.53147480,10.92033265,15.99792479,Tea,98.95000000,50.81162402,23.12253012,5.99866957,74.94372666,55.64798323
Field_26,2023-04-16,27.11817603,88.17990102,0.46501830,0.42046448,-0.42046448,0.69744355,24.84444297,17.09887807,14.23772972,Tea,69.55249064,44.97441042,61.53347107,6.97840776,66.15318222,50.56726185
Field_26,2023-01-05,27.11817603,88.17990102,0.43010060,0.38499072,-0.38499072,0.64508413,27.01249849,6.62180029,13.97525274,Tea,98.95000000,65.08414044,48.22382032,5.86878222,72.79273101,49.62831950
Field_26,2023-05-16,27.11817603,88.17990102,0.67091075,0.58722777,-0.58722777,1.00625009,14.22602704,22.81399919,16.04308212,Tea,85.66618877,56.99941892,30.31354026,6.12782723,83.49027884,56.89990636
Field_26,2023-05-31,27.11817603,88.17990102,0.15425824,0.13273109,-0.13273109,0.23136285,42.71112090,28.55628936,5.30034156,Tea,76.82322331,53.03949475,51.02842760,6.73524521,74.95641529,29.96269363
Field_26,2023-10-13,27.11817603,88.17990102,0.81575617,0.72129436,-0.72129436,1.22345962,5.90071318,23.02277418,9.82736386,Tea,44.19032863,51.69840856,46.69939157,6.61493438,76.09387381,44.04682887
Field_26,2023-10-28,27.11817603,88.17990102,0.79894644,0.69710602,-0.69710602,1.19825119,7.30755085,17.04103785,9.73422687,Tea,83.69756233,53.48249116,29.79529336,5.97496716,68.83267610,44.15115580
Field_26,2023-12-11,27.11817603,88.17990102,0.77518760,0.68635364,-0.68635364,1.16260291,8.09926036,12.27974618,9.54701210,Tea,80.53723560,55.71414798,45.58401582,5.40264294,55.99301637,44.28678081
Field_26,2023-11-27,27.11817603,88.17990102,0.76445083,0.67937098,-0.67937098,1.14647750,8.56547921,18.41677190,9.46798678,Tea,89.74477075,64.77961377,23.57476391,5.85797048,67.47660921,44.39110773
Field_26,2023-12-12,27.11817603,88.17990102,0.76738578,0.69134482,-0.69134482,1.15090573,7.92406790,7.54252627,9.46610522,Tea,87.84778446,52.76459718,27.62470260,5.89265577,83.39190906,44.19288657
Field_26,2023-12-27,27.11817603,88.17990102,0.78890530,0.74648570,-0.74648570,1.18315985,4.88855740,8.23401601,9.52819655,Tea,83.73377246,59.51644582,33.34518579,5.57083296,80.86562783,43.87990579
Field_27,2023-01-01,11.29704122,76.82113488,0.66303510,0.58738019,-0.58738019,0.99441198,14.29867676,18.58694995,8.77745594,Tea,71.78409531,63.12470845,23.52575123,5.96873953,83.84340560,42.48192496
Field_27,2023-01-16,11.29704122,76.82113488,0.70996179,0.63792961,-0.63792961,1.06476722,11.23814626,24.02019179,16.15409389,Tea,52.22270065,50.44083725,35.80616002,6.24392115,72.14663877,57.68235832
Field_27,2023-01-31,11.29704122,76.82113488,0.78843912,0.70763071,-0.70763071,1.18245645,6.87742426,19.25213818,16.21524444,Tea,78.95625760,46.49801332,38.76379258,6.14700635,84.60232451,58.04750257
Field_27,2023-02-15,11.29704122,76.82113488,0.69771816,0.63650755,-0.63650755,1.04641872,11.43580551,20.69595999,8.97219693,Tea,66.01251009,48.73247063,29.90868842,6.64294865,68.60527662,43.05572306
Field_27,2023-02-03,11.29704122,76.82113488,0.69492754,0.64894334,-0.64894334,1.04223293,10.82927986,20.45501032,8.91763182,Tea,49.92054591,65.89711200,53.32409499,6.78657601,63.25266276,42.75317497
Field_27,2023-03-17,11.29704122,76.82113488,0.64434764,0.61454476,-0.61454476,0.96637924,13.10238784,32.57864525,15.31868329,Tea,69.48066659,36.49346703,39.65012486,6.93384182,75.09806523,55.04288705
Field_27,2023-01-04,11.29704122,76.82113488,0.61094286,0.54157568,-0.54157568,0.91631188,17.16966680,15.26746041,4.30499876,Tea,71.41108823,42.07778299,53.24140335,6.05316970,77.13486029,41.18827105
Field_27,2023-04-16,11.29704122,76.82113488,0.70424896,0.64301868,-0.64301868,1.05624369,11.03662054,20.44579574,9.01547270,Tea,89.35482703,42.92016015,52.13583731,6.30860018,76.26000838,43.20178076
Field_27,2023-08-14,11.29704122,76.82113488,0.79767413,0.69967928,-0.69967928,1.19638314,7.18914326,43.43127692,16.88507817,Tea,81.05938727,31.57978051,33.92403727,5.97417499,76.41890468,58.51697374
Field_27,2023-09-28,11.29704122,76.82113488,0.68253034,0.60728747,-0.60728747,1.02367819,13.08302171,31.58957963,5.23072401,Tea,83.77566899,39.45035152,50.62496644,7.30000000,53.15754082,53.35279082
Field_27,2023-10-13,11.29704122,76.82113488,0.68253034,0.60728747,-0.60728747,1.02367819,13.08302171,36.27466798,15.84834114,Tea,66.02124715,47.01223149,46.06777421,6.32099754,77.82896844,56.93120444
Field_27,2023-12-27,11.29704122,76.82113488,0.72475572,0.62423103,-0.62423103,1.08695218,11.78656718,17.99835809,9.24314091,Tea,65.42985378,46.61380492,45.17060162,6.13949077,72.27239624,44.28678081
Field_28,2023-01-01,13.19149844,77.52581427,0.41137923,0.43825926,-0.43825926,0.61698153,24.48357284,15.63872037,6.87896654,Coffee,37.68080740,36.99878467,42.45454871,6.14726543,72.98740812,35.10601117
Field_28,2023-01-16,13.19149844,77.52581427,0.41781028,0.48436356,-0.48436356,0.62662225,22.06360675,17.63329105,14.23020349,Coffee,47.71806615,54.38696106,43.51294935,6.42649316,75.51783306,47.74000211
Field_28,2023-01-31,13.19149844,77.52581427,0.38586308,0.46761948,-0.46761948,0.57870927,23.24490500,15.64807399,13.52650177,Coffee,66.47403396,55.93918144,58.75899915,6.20196221,98.21778166,46.37331936
Field_28,2023-02-15,13.19149844,77.52581427,0.35371237,0.45884286,-0.45884286,0.53049659,24.02142864,17.15864672,6.31544070,Coffee,74.77638883,43.18805178,34.06539975,6.31780767,95.17969241,32.55000144
Field_28,2023-02-03,13.19149844,77.52581427,0.32981695,0.45368003,-0.45368003,0.49465851,24.52910617,24.27863928,6.11411427,Coffee,68.91717494,35.38166516,67.94501784,6.10324366,71.19633348,31.71538602
Field_28,2023-03-17,13.19149844,77.52581427,0.33599580,0.45669609,-0.45669609,0.50392414,24.31198946,38.75657195,3.60694170,Coffee,66.44294469,53.77709783,68.22279258,6.42282925,74.94315088,42.33586726
Field_28,2023-01-04,13.19149844,77.52581427,0.31964285,0.44435316,-0.44435316,0.47940371,25.10928401,22.51200478,6.04543750,Coffee,70.75790315,49.77724657,44.51726087,6.35191486,96.53161130,31.46500139
Field_28,2023-04-16,13.19149844,77.52581427,0.31159176,0.43458139,-0.43458139,0.46733015,25.69049793,20.67317508,5.99651706,Coffee,32.65212796,65.72369887,64.28282260,6.39428150,86.14756873,31.30851100
Field_28,2023-01-05,13.19149844,77.52581427,0.33692436,0.44547272,-0.44547272,0.50532035,24.87562058,20.92602439,13.69396021,Coffee,50.30026576,39.19471762,47.27046598,6.01393471,69.60054154,44.92317507
Field_28,2023-05-16,13.19149844,77.52581427,0.43324291,0.51107423,-0.51107423,0.64977942,20.54203129,26.67116945,6.90342676,Coffee,71.12703560,55.88979863,39.65874960,6.45585807,80.33577050,34.80346308
Field_28,2023-05-31,13.19149844,77.52581427,0.47738001,0.51573652,-0.51573652,0.71598161,19.85318770,26.96374283,5.67853420,Coffee,52.33770986,57.09730802,64.74465862,6.33188200,84.43169398,36.44139584
Field_28,2023-08-14,13.19149844,77.52581427,0.21546697,0.20937866,-0.20937866,0.32315883,38.17204383,41.86971705,2.05654005,Coffee,77.73243262,65.31398582,44.38995687,7.47177814,82.09902697,41.55341530
Field_28,2023-10-13,13.19149844,77.52581427,0.64996238,0.59102726,-0.59102726,0.97481787,14.24595151,37.66877298,8.65233251,Coffee,75.45157545,53.05609219,43.57229332,6.39535703,98.79000000,41.91855955
Field_28,2023-10-28,13.19149844,77.52581427,0.60058807,0.56914163,-0.56914163,0.90076881,15.86778087,30.21649057,15.33655807,Coffee,66.46009619,58.61278367,39.72108313,6.22375557,82.30212165,54.08307932
Field_28,2023-12-11,13.19149844,77.52581427,0.55578353,0.53451733,-0.53451733,0.83356150,18.09343218,19.57610618,14.89909644,Coffee,67.85699560,40.21184820,48.16749599,7.03496237,73.39662742,52.64336771
Field_28,2023-11-27,13.19149844,77.52581427,0.55578353,0.53451733,-0.53451733,0.83356150,18.09343218,39.75335564,15.16815886,Coffee,84.38000000,45.21639479,37.94729026,7.48000000,85.52601293,52.79985811
Field_29,2023-01-01,9.80172717,76.29690027,0.34900874,0.18140835,-0.18140835,0.52340973,38.23648493,23.04219954,6.92600543,Coffee,69.52809613,52.00114449,51.99551835,5.93699994,89.78616915,36.71264586
Field_29,2023-01-16,9.80172717,76.29690027,0.31490963,0.14611532,-0.14611532,0.47270138,40.38695155,15.66932141,13.29507046,Coffee,68.04430951,52.80108751,58.57190270,6.64352535,81.93087834,48.54331946
Field_29,2023-01-31,9.80172717,76.29690027,0.32177446,0.15489730,-0.15489730,0.48256373,39.86839546,18.01510522,14.25654527,Coffee,59.92891812,69.31031802,47.74580542,6.40486630,92.19989566,49.20057910
Field_29,2023-02-15,9.80172717,76.29690027,0.14038655,0.00703090,-0.00703090,0.21052690,49.27159211,24.19153616,5.47156311,Coffee,58.95437622,39.29385399,54.55071381,6.15528241,81.43962134,31.39197254
Field_29,2023-02-03,9.80172717,76.29690027,0.29613979,0.13363133,-0.13363133,0.44412251,41.21613268,18.22826392,13.94326630,Coffee,40.25263380,48.35160953,51.76277199,6.62007674,76.52377678,48.36596368
Field_29,2023-03-17,9.80172717,76.29690027,0.43530099,0.35712448,-0.35712448,0.65278450,28.38235936,20.53818364,7.28444173,Coffee,46.84997339,43.04149380,41.35994575,5.91106953,87.39420276,37.29687665
Field_29,2023-01-04,9.80172717,76.29690027,0.26790709,0.21218586,-0.21218586,0.40177255,37.49313178,19.26399932,6.12916672,Coffee,54.80073742,63.19934028,32.57231927,5.55004054,80.07352923,33.10293416
Field_29,2023-04-16,9.80172717,76.29690027,0.19551607,0.07556626,-0.07556626,0.29322185,45.20884613,29.16464131,5.80271685,Coffee,80.89047920,33.79568946,67.05564021,6.73463803,89.66239446,32.44567451
Field_29,2023-01-05,9.80172717,76.29690027,0.35318316,0.26555032,-0.26555032,0.52966824,33.89719569,16.84600863,23.58435617,Coffee,58.22361537,47.34840852,33.35141161,6.26387514,80.20262806,53.85356008
Field_29,2023-05-16,9.80172717,76.29690027,0.24404157,0.10421146,-0.10421146,0.36605002,43.25051202,36.90271619,12.79175439,Coffee,77.59650067,32.50065904,49.46334062,6.98604611,92.56448865,46.17509820
Field_29,2023-05-31,9.80172717,76.29690027,0.24404157,0.10421146,-0.10421146,0.36605002,43.25051202,23.61699360,37.64804201,Coffee,55.18693946,42.65070413,47.81090952,6.78439869,80.76666789,59.96711804
Field_29,2023-06-30,9.80172717,76.29690027,0.38683187,0.20896153,-0.20896153,0.58013256,36.44321636,39.93994227,14.01100229,Coffee,55.23974948,54.97287652,45.87762143,6.87837975,81.45414843,50.72375224
Field_29,2023-07-30,9.80172717,76.29690027,0.37112554,0.22280840,-0.22280840,0.55657247,35.89654132,42.90159501,7.02666864,Coffee,63.87009877,56.69354651,50.45393232,6.64919940,98.79000000,36.92129971
Field_29,2023-08-14,9.80172717,76.29690027,0.38785613,0.23742545,-0.23742545,0.58165411,34.97926383,40.79886051,7.36723017,Coffee,55.69163384,45.81688924,68.72716714,7.34851169,92.60797590,47.77130019
Field_29,2023-10-13,9.80172717,76.29690027,0.33926626,0.18370623,-0.18370623,0.50880579,38.21864395,22.19349447,20.77237162,Coffee,56.88478596,33.37497641,57.84662339,7.27804453,69.92257882,53.03981004
Field_29,2023-12-11,9.80172717,76.29690027,0.15574738,0.04342687,-0.04342687,0.23447858,47.25617672,17.91007432,12.90652927,Coffee,72.20153916,39.04102643,46.00767236,5.99690872,82.26123179,43.78601155
Field_29,2023-11-27,9.80172717,76.29690027,0.19928197,0.04806606,-0.04806606,0.30014163,46.57466577,26.48550266,5.90149851,Coffee,48.26201766,54.58679251,52.08094542,6.86332918,81.29386965,33.01947262
Field_29,2023-12-12,9.80172717,76.29690027,0.33945254,0.13810358,-0.13810358,0.50909123,40.54541239,24.47617871,6.94293943,Coffee,52.42153783,45.09600214,66.71660369,6.49072971,74.88776772,37.02562664
Field_29,2023-12-27,9.80172717,76.29690027,0.24734111,-0.03469656,0.03469656,0.37090020,50.31006530,24.22530853,6.52523413,Coffee,52.09575766,37.69651297,23.47922243,6.60176988,74.10866037,36.17014583
Field_30,2023-01-01,11.31677098,76.87501764,0.81195238,0.71109801,-0.71109801,1.21771264,6.46023083,16.63823428,9.81795608,Coffee,54.27715511,55.52774463,39.19049631,6.42419612,90.58196202,44.04682887
Field_30,2023-01-16,11.31677098,76.87501764,0.80500090,0.71331437,-0.71331437,1.20728966,6.41804830,22.33456553,16.41563009,Coffee,57.02427037,52.47226267,49.51150153,6.92777703,74.64994736,58.13096411
Field_30,2023-01-31,11.31677098,76.87501764,0.82537776,0.73880863,-0.73880863,1.23784111,4.90809384,16.85101061,17.31030969,Coffee,45.54538959,54.16376424,24.80285112,6.59151481,77.44525538,58.63173336
Field_30,2023-02-15,11.31677098,76.87501764,0.72753185,0.66098325,-0.66098325,1.09110453,9.88148560,16.90160143,9.18104958,Coffee,60.25208248,44.33440089,50.23214530,6.95271155,66.05991092,43.81730963
Field_30,2023-02-03,11.31677098,76.87501764,0.68933257,0.64548454,-0.64548454,1.03380702,11.06304206,17.55583122,8.87623760,Coffee,76.58177878,46.09003557,62.04074229,6.51185874,86.86734742,42.58625188
Field_30,2023-03-17,11.31677098,76.87501764,0.58793543,0.57255549,-0.57255549,0.88173489,15.82267442,34.80812279,15.66488949,Coffee,69.67686519,37.95547361,57.54840855,6.32861027,63.24671542,53.71793507
Field_30,2023-01-04,11.31677098,76.87501764,0.60817261,0.56732490,-0.56732490,0.91209923,15.88309138,17.59128914,8.33434965,Coffee,62.56218297,49.08046376,30.15250296,6.04318546,93.26353308,40.67706911
Field_30,2023-04-16,11.31677098,76.87501764,0.57732971,0.56377906,-0.56377906,0.86583835,16.37915235,24.77838451,8.06716878,Coffee,42.14028687,56.32832396,43.36704293,6.20558861,84.56339422,39.53990560
Field_30,2023-01-05,11.31677098,76.87501764,0.53763861,0.52003933,-0.52003933,0.80631853,19.01805396,17.15452929,14.90662266,Coffee,45.56034541,39.22627170,36.77249329,6.01878691,76.77006482,52.17389654
Field_30,2023-05-16,11.31677098,76.87501764,0.82800319,0.71103877,-0.71103877,1.24184286,6.29933104,24.42025656,2.56738234,Coffee,74.40932133,56.42523429,43.81127018,6.28714024,77.54172392,43.81730963
Field_30,2023-05-31,11.31677098,76.87501764,0.64145861,0.53917280,-0.53917280,0.96208197,16.98071492,24.55295288,10.19991183,Coffee,67.98448724,31.34227755,52.36102799,6.84850576,72.44640661,53.27976197
Field_30,2023-06-15,11.31677098,76.87501764,0.64145861,0.53917280,-0.53917280,0.96208197,16.98071492,44.46871901,15.93583347,Coffee,84.38000000,33.99090806,69.43000000,6.74364684,80.16134472,56.46173327
Field_30,2023-08-14,11.31677098,76.87501764,0.65006011,0.58308432,-0.58308432,0.97492992,14.65055467,40.38810075,15.38265618,Coffee,53.64995842,47.19105354,53.23880574,6.95365765,86.19726280,55.79404093
Field_30,2023-09-28,11.31677098,76.87501764,0.78383941,0.68568267,-0.68568267,1.17558825,8.04516326,32.73650799,5.32292023,Coffee,28.88766282,51.33691498,56.28583086,6.96106500,81.37724471,54.62557934
Field_30,2023-10-13,11.31677098,76.87501764,0.78383941,0.68568267,-0.68568267,1.17558825,8.04516326,33.29966356,16.82769073,Coffee,46.98394659,44.42270960,67.02224060,6.55012032,76.75983883,58.74649298
Field_30,2023-12-27,11.31677098,76.87501764,0.77964696,0.66771496,-0.66771496,1.16927170,9.00549023,17.48443310,9.63074132,Coffee,53.87096782,49.87325584,45.04372560,6.57525955,85.87778828,44.61019428
Field_31,2023-01-16,28.64888239,77.12632740,0.12487987,0.16823583,-0.16823583,0.18728247,41.19813147,6.96481280,4.95413537,Barley,61.40210488,62.86679450,43.45041915,6.42440526,68.27989261,28.27259741
Field_31,2023-01-31,28.64888239,77.12632740,0.18482990,0.22711265,-0.22711265,0.27719199,37.57936139,6.17961248,12.80774761,Barley,72.61384182,57.29450945,46.89941159,5.70123295,76.69299447,41.98115570
Field_31,2023-02-15,28.64888239,77.12632740,0.14596126,0.18598327,-0.18598327,0.21890300,40.07656822,8.65410776,5.10089669,Barley,85.67499865,46.73715805,38.59048975,5.69353638,66.14483694,28.80466474
Field_31,2023-02-03,28.64888239,77.12632740,0.17795765,0.24536301,-0.24536301,0.26688353,36.71760375,8.84594070,5.24671724,Barley,82.30746761,63.59715848,62.54219870,5.54939165,69.87450697,29.10721283
Field_31,2023-03-17,28.64888239,77.12632740,0.13195881,0.15360903,-0.15360903,0.19790948,41.87274357,23.81418753,11.77853681,Barley,83.59983573,57.74549402,36.00276875,6.28428909,68.72884769,40.52057872
Field_31,2023-01-04,28.64888239,77.12632740,0.22576218,0.29659758,-0.29659758,0.33858443,33.61312108,13.37998123,12.85760883,Barley,80.98071476,59.35613345,23.54231006,6.30067619,84.38686780,42.50279034
Field_31,2023-04-16,28.64888239,77.12632740,0.17834755,0.22012618,-0.22012618,0.26748185,38.00232466,22.56378154,5.30974934,Barley,97.28610562,47.88627859,32.14143510,6.26948688,66.34673289,29.52452054
Field_31,2023-01-05,28.64888239,77.12632740,0.18155093,0.20519286,-0.20519286,0.27228634,38.73216969,9.24050904,5.77073041,Barley,86.55095550,33.10343433,39.10149870,7.04898537,60.13242937,40.31192486
Field_31,2023-05-16,28.64888239,77.12632740,0.18136976,0.22218698,-0.22218698,0.27201821,37.86622569,24.74968158,12.18213044,Barley,90.91076674,39.56063132,38.08317882,6.53201379,64.30310575,41.57428069
Field_31,2023-05-31,28.64888239,77.12632740,0.19997297,0.24259688,-0.24259688,0.29991914,36.63401479,25.38308470,5.44992522,Barley,79.60597416,45.66049615,45.18702931,6.34540025,81.00018251,30.00442440
Field_31,2023-06-15,28.64888239,77.12632740,0.16432939,0.20465827,-0.20465827,0.24646165,38.93534946,29.03603727,5.22037546,Barley,81.43897387,38.25541138,46.82392912,6.15892742,76.23110784,29.22197245
Field_31,2023-06-30,28.64888239,77.12632740,0.09920007,0.09362726,-0.09362726,0.14878105,45.27023570,28.00498120,10.06443984,Barley,87.20489421,59.27029580,37.69432009,6.70608360,79.28061116,40.32235755
Field_31,2023-08-14,28.64888239,77.12632740,0.20821774,0.25606188,-0.25606188,0.31228248,35.86223023,25.76162675,12.76259028,Barley,82.57278648,31.92550729,44.42454397,6.03686856,72.82138603,42.40889611
Field_31,2023-08-29,28.64888239,77.12632740,0.18784853,0.22311436,-0.22311436,0.28173262,37.75270280,30.37391546,5.38783389,Barley,57.00951376,43.83529115,41.69730070,6.11413370,67.74724099,29.83750132
Field_31,2023-09-13,28.64888239,77.12632740,0.21167523,0.24050131,-0.24050131,0.31746098,36.62151018,19.65961986,13.03165270,Barley,96.23222498,59.02977664,51.75703774,5.72036023,86.15000000,42.93053075
Field_31,2023-09-28,28.64888239,77.12632740,0.20873462,0.23380938,-0.23380938,0.31305639,36.99326163,17.70546092,5.54870688,Barley,95.12983852,41.86310920,32.32461824,6.36335871,76.19862978,30.48432827
Field_31,2023-10-13,28.64888239,77.12632740,0.21087921,0.25498720,-0.25498720,0.31626783,35.88992706,15.18810613,5.51860199,Barley,98.95000000,71.18288457,29.91238236,6.16204614,60.28935386,30.23394365
Field_31,2023-10-28,28.64888239,77.12632740,0.13094447,0.15956122,-0.15956122,0.19638613,41.57915814,12.96637169,5.02845681,Barley,98.95000000,72.49225313,23.32687828,6.15769322,71.66238933,28.63774165
Field_31,2023-12-11,28.64888239,77.12632740,0.11582633,0.10522575,-0.10522575,0.17371564,44.50816439,10.69708929,5.02093059,Barley,77.86978008,46.00231465,44.96199003,6.02805232,82.14473847,29.28456860
Field_31,2023-11-27,28.64888239,77.12632740,0.12038090,0.13697734,-0.13697734,0.18054359,42.84027421,10.73408719,11.62989393,Barley,76.65787284,52.93734603,41.69539915,5.92441300,69.53224100,40.44754987
Field_31,2023-12-12,28.64888239,77.12632740,0.21714808,0.28029491,-0.28029491,0.32565211,34.53358144,5.97413391,5.51483888,Barley,91.06121340,59.84389606,38.30192346,5.68873449,69.30412826,30.07745325
Field_31,2023-12-27,28.64888239,77.12632740,0.17993664,0.22605316,-0.22605316,0.26984943,37.68343783,11.62018614,12.11533522,Barley,96.23173549,53.59599001,41.14951391,6.39107490,66.03770111,41.42822299
Field_32,2023-01-01,26.78589803,75.94138105,0.38368227,0.47368217,-0.47368217,0.57543656,22.95759002,10.22562515,6.54875357,Barley,82.53904194,58.59257026,19.30313382,5.78071432,75.17069447,33.47851110
Field_32,2023-01-16,26.78589803,75.94138105,0.35881457,0.46151975,-0.46151975,0.53814273,23.83262700,14.22015347,6.35495337,Barley,81.42369551,49.13645402,44.99364485,6.38452190,61.66889223,32.70649183
Field_32,2023-01-31,26.78589803,75.94138105,0.33984616,0.43908584,-0.43908584,0.50968724,25.17192238,12.71051685,13.59611932,Barley,89.87712330,47.12581636,47.55933160,6.32112319,52.09945411,45.07966546
Field_32,2023-02-15,26.78589803,75.94138105,0.31357119,0.41957970,-0.41957970,0.47028840,26.43633403,5.73627545,6.04920061,Barley,61.15791710,32.71189933,43.58826705,6.37280747,64.13762489,31.62149178
Field_32,2023-02-03,26.78589803,75.94138105,0.32903284,0.43435902,-0.43435902,0.49347745,25.52372969,6.84305486,6.15268616,Barley,88.91773078,69.55057695,43.04942519,5.71304022,67.87831781,31.98663603
Field_32,2023-03-17,26.78589803,75.94138105,0.26325198,0.32598780,-0.32598780,0.39482744,31.72944935,17.84607776,4.51196985,Barley,69.72060179,45.39733663,42.88826430,6.12758000,60.40136314,41.57428069
Field_32,2023-01-04,26.78589803,75.94138105,0.31071600,0.40202655,-0.40202655,0.46600576,27.36183472,12.84701121,6.06519383,Barley,90.32351083,43.97597001,40.10853222,5.75247448,82.84923473,31.78841487
Field_32,2023-04-16,26.78589803,75.94138105,0.26052903,0.38176686,-0.38176686,0.39074272,28.90893610,11.55072403,5.66442253,Barley,98.95000000,61.36687496,18.96000000,5.61076957,79.63264604,30.16091480
Field_32,2023-01-05,26.78589803,75.94138105,0.25473644,0.36089219,-0.36089219,0.38205895,30.03404672,13.14894633,5.66160020,Barley,62.32351669,45.60432075,51.74974228,6.11261780,67.20667482,30.26524172
Field_32,2023-05-16,26.78589803,75.94138105,0.22878451,0.32960044,-0.32960044,0.34313716,31.89698402,21.40036158,5.50260877,Barley,79.09990839,39.62041312,51.99702174,6.74782106,75.43963430,29.75403978
Field_32,2023-05-31,26.78589803,75.94138105,0.30146940,0.37447765,-0.37447765,0.45215457,28.86303634,13.91232046,6.04731906,Barley,95.32205737,56.37798110,37.54350909,5.33408813,52.84361018,31.86144372
Field_32,2023-06-15,26.78589803,75.94138105,0.28626055,0.36606176,-0.36606176,0.42934312,29.44811417,28.53153334,5.93066262,Barley,90.27260051,47.05020078,41.35984506,7.14904020,73.30069089,31.40240524
Field_32,2023-08-14,26.78589803,75.94138105,0.44621371,0.45668961,-0.45668961,0.66924892,23.18667847,28.92829630,14.62721168,Barley,91.51971040,49.08829795,33.54351254,6.39078562,67.25813921,49.48226181
Field_32,2023-08-29,26.78589803,75.94138105,0.43766537,0.46758552,-0.46758552,0.65641487,22.71758881,31.63423818,7.04548420,Barley,98.65833375,48.23020049,55.52864336,6.43488125,84.89134785,35.65894389
Field_32,2023-09-13,26.78589803,75.94138105,0.47121542,0.51546963,-0.51546963,0.70670871,19.92977475,24.53389940,14.23961127,Barley,64.10988127,49.17292855,40.52134032,6.37887764,66.39042020,49.31533872
Field_32,2023-09-28,26.78589803,75.94138105,0.44565549,0.47482525,-0.47482525,0.66839020,22.26629491,10.34438565,7.10004930,Barley,73.24382562,62.24232796,32.04073546,6.90155588,70.59787603,35.85716505
Field_32,2023-10-13,26.78589803,75.94138105,0.39586274,0.46018779,-0.46018779,0.59371236,23.52227422,29.49295286,6.68892945,Barley,81.46450357,41.47687082,53.53624197,5.95513243,70.10933417,34.15663613
Field_32,2023-10-28,26.78589803,75.94138105,0.34575042,0.42322114,-0.42322114,0.51855516,25.92174399,21.88226595,13.24426846,Barley,83.43152221,39.46744074,32.52208338,6.75702685,76.45626536,45.36134816
Field_32,2023-12-11,26.78589803,75.94138105,0.33992730,0.40117107,-0.40117107,0.50982697,27.10718768,8.36862347,6.32767081,Barley,75.63643257,48.81551158,58.45843511,5.81171859,86.15000000,32.92557838
Field_32,2023-11-27,26.78589803,75.94138105,0.01154013,-0.02868945,0.02868945,0.01730790,52.41152142,20.69522896,11.18302452,Barley,83.81729001,42.70104567,18.96000000,5.97275424,86.03364101,43.12875191
Field_32,2023-12-12,26.78589803,75.94138105,0.34606817,0.44176153,-0.44176153,0.51902228,24.97174540,7.14695631,6.28721737,Barley,67.11288312,37.30665292,33.04570227,5.90258794,62.59922983,32.52913606
Field_32,2023-12-27,26.78589803,75.94138105,0.34170766,0.44764404,-0.44764404,0.51248439,24.71589208,13.75085579,6.23453382,Barley,79.25959908,59.48920325,18.96000000,6.27239922,78.06102882,32.26831874
Field_33,2023-01-01,23.60146274,77.52801189,0.65224388,0.61343287,-0.61343287,0.97820600,13.07852224,9.23300477,8.62034607,Barley,49.48184637,58.48937303,43.50578774,6.40893161,73.05824306,41.65774223
Field_33,2023-01-16,23.60146274,77.52801189,0.67000546,0.65233394,-0.65233394,1.00485820,10.91066734,7.53088819,16.16067934,Barley,84.45823585,55.56820152,27.51713316,5.09017801,80.61428138,55.90880055
Field_33,2023-01-31,23.60146274,77.52801189,0.55098668,0.49236697,-0.49236697,0.82636934,20.29480345,9.22832004,7.99943279,Barley,98.45806479,49.31581936,43.56417747,5.97750619,66.70703237,39.64423252
Field_33,2023-02-15,23.60146274,77.52801189,0.66788141,0.68025008,-0.68025008,1.00168377,9.50683971,10.33798275,8.60247129,Barley,80.73325286,64.18175832,49.23678050,6.19393312,63.75822449,41.21956913
Field_33,2023-02-03,23.60146274,77.52801189,0.59065679,0.63919605,-0.63919605,0.88586679,12.39192331,11.71261392,8.00884056,Barley,81.29264891,63.67736037,49.82995964,6.50287002,73.77292555,38.88264595
Field_33,2023-03-17,23.60146274,77.52801189,0.54368951,0.60097150,-0.60097150,0.81540445,14.82350682,19.24313918,15.02610143,Barley,71.99339006,52.35012371,40.13426911,6.20004048,65.05652500,51.21408881
Field_33,2023-01-04,23.60146274,77.52801189,0.25304610,0.37703681,-0.37703681,0.37950935,29.22689506,12.12259309,5.60797587,Barley,63.20689657,61.69287583,43.84798351,6.17591728,67.83639015,29.95226094
Field_33,2023-04-16,23.60146274,77.52801189,0.19393417,0.31640177,-0.31640177,0.29086010,32.92688827,19.14031430,5.22225701,Barley,83.72893293,47.34794542,41.31929046,6.73747628,80.24906696,28.61687627
Field_33,2023-01-05,23.60146274,77.52801189,0.26088283,0.35133889,-0.35133889,0.39126243,30.45910794,13.97669863,5.73874397,Barley,63.83911890,65.96048628,37.86662092,5.91115507,72.92884571,30.65125136
Field_33,2023-05-16,23.60146274,77.52801189,0.23869845,0.32502251,-0.32502251,0.35798915,32.02950359,29.48489697,5.60233120,Barley,88.99449069,56.76886729,34.37398953,6.27165370,67.79275156,30.21307826
Field_33,2023-05-31,23.60146274,77.52801189,0.27648079,0.38059173,-0.38059173,0.41465544,28.80602992,11.95846984,5.80930230,Barley,65.74651552,33.89193518,30.70009524,5.92208465,77.52319270,30.79730906
Field_33,2023-06-15,23.60146274,77.52801189,0.23427320,0.35508602,-0.35508602,0.35135545,30.53952398,25.36075577,5.49226021,Barley,77.32695948,45.50963408,44.05042163,5.95151598,86.15000000,29.56625131
Field_33,2023-08-29,23.60146274,77.52801189,0.79917069,0.71146937,-0.71146937,1.19861861,6.57180539,27.88863419,16.94528794,Barley,65.60332693,58.61116951,53.44873899,6.89513132,73.81704800,58.43351220
Field_33,2023-09-13,23.60146274,77.52801189,0.79917069,0.71146937,-0.71146937,1.19861861,6.57180539,26.13321899,16.29709210,Barley,86.51318536,65.39227953,43.58883882,6.78342033,59.90764083,58.06836795
Field_33,2023-10-13,23.60146274,77.52801189,0.65059295,0.61299366,-0.61299366,0.97576597,13.11781134,14.97487550,8.60623440,Barley,81.19038029,60.67004182,26.38996129,5.87948923,72.61288741,41.60557876
Field_33,2023-10-28,23.60146274,77.52801189,0.54005814,0.56209921,-0.56209921,0.80997625,16.84558237,22.85783312,7.73789658,Barley,64.85852213,63.47231100,36.72678899,6.62654717,74.22979332,38.13149207
Field_33,2023-12-11,23.60146274,77.52801189,0.45536843,0.52029351,-0.52029351,0.68294903,19.84528943,10.89284389,14.59334369,Barley,62.20224317,51.18765959,29.71601780,6.73052529,69.19003146,48.82500216
Field_33,2023-11-27,23.60146274,77.52801189,0.36716053,0.39708105,-0.39708105,0.55065734,27.03791270,28.06585639,9.23937779,Barley,93.20607713,49.28418745,55.61737732,6.60803083,84.86849298,44.47456928
Field_33,2023-12-12,23.60146274,77.52801189,0.52892959,0.49019689,-0.49019689,0.79325012,20.63088388,7.08308696,7.80751413,Barley,90.51824230,58.17292296,29.93328835,5.84263237,86.15000000,38.83048249
Field_33,2023-12-27,23.60146274,77.52801189,0.52892959,0.49019689,-0.49019689,0.79325012,20.63088388,6.82200467,7.80751413,Barley,81.42278705,54.00892617,40.61828086,5.68640287,62.83180567,38.83048249
Field_34,2023-01-01,22.12689959,73.08389026,0.60054513,0.60486438,-0.60486438,0.90065892,14.04406013,8.70757922,8.17818055,Groundnut,80.00651444,38.62844127,42.12028126,6.10379750,80.02900871,39.80072292
Field_34,2023-01-16,22.12689959,73.08389026,0.56480990,0.57722997,-0.57722997,0.84707050,15.82015313,6.96799436,7.92417057,Groundnut,68.82531155,62.56474068,33.43340409,5.46609613,68.57592640,38.85134787
Field_34,2023-01-31,22.12689959,73.08389026,0.52938451,0.55040037,-0.55040037,0.79393694,17.55198511,9.56818749,14.92167510,Groundnut,75.36763521,51.05841201,38.57145216,6.07786749,78.50401013,51.39144458
Field_34,2023-02-15,22.12689959,73.08389026,0.50900086,0.54866164,-0.54866164,0.76336750,17.84894773,9.61013298,7.49235360,Groundnut,72.59155932,53.80064993,35.51576054,6.16297127,68.68317270,37.14038626
Field_34,2023-02-03,22.12689959,73.08389026,0.47469086,0.54611232,-0.54611232,0.71191721,18.32953093,14.76505238,7.19130474,Groundnut,68.67126310,57.32854179,33.22283037,5.89902954,69.57210765,35.85716505
Field_34,2023-03-17,22.12689959,73.08389026,0.47248609,0.52338050,-0.52338050,0.70861442,19.51283366,26.50706539,3.77345936,Groundnut,94.13476351,36.73568612,42.74153593,7.12245325,76.38391365,46.56110783
Field_34,2023-01-04,22.12689959,73.08389026,0.43483747,0.49213128,-0.49213128,0.65214935,21.49305636,14.71474115,6.96269576,Groundnut,88.89756646,40.96838613,64.19528257,6.07234816,68.75947686,35.16860733
Field_34,2023-04-16,22.12689959,73.08389026,0.41122666,0.48539098,-0.48539098,0.61674347,22.07837936,23.98707325,6.76701400,Groundnut,74.48690085,46.52674417,51.59120497,6.39216627,84.10821630,34.35485729
Field_34,2023-01-05,22.12689959,73.08389026,0.37301796,0.44088289,-0.44088289,0.55944589,24.74137794,13.73386023,13.47381822,Groundnut,72.68414926,57.24545289,29.74912390,5.80609991,74.72420118,46.26899243
Field_34,2023-05-16,22.12689959,73.08389026,0.35895279,0.43325638,-0.43325638,0.53835314,25.27446685,10.34912556,13.19064414,Groundnut,95.70690315,46.64775018,56.04296997,5.87507165,56.74698425,45.68476164
Field_34,2023-05-31,22.12689959,73.08389026,0.35669316,0.43694967,-0.43694967,0.53495987,25.10894807,19.36434516,6.39352525,Groundnut,79.93634446,45.98499311,41.99282800,5.94749277,78.07111280,33.00903992
Field_34,2023-06-15,22.12689959,73.08389026,0.25456852,0.30234360,-0.30234360,0.38179394,33.02550864,25.56044728,12.66757173,Groundnut,70.08727276,59.22354607,34.53978012,5.86180617,65.29791015,43.42086731
Field_34,2023-09-28,22.12689959,73.08389026,0.68377152,0.61014687,-0.61014687,1.02551923,12.92433241,22.46110587,15.86621592,Groundnut,66.02890052,38.18287361,42.76274076,6.59208757,71.35221913,56.94163714
Field_34,2023-10-13,22.12689959,73.08389026,0.63739428,0.56715529,-0.56715529,0.95596298,15.59331512,26.10405540,8.59588585,Groundnut,98.95000000,47.53631149,42.82974892,6.47344370,77.06590637,41.81423262
Field_34,2023-10-28,22.12689959,73.08389026,0.66230624,0.64029324,-0.64029324,0.99330848,11.60414895,16.10838248,8.64668784,Groundnut,85.86120573,70.77130982,29.36893253,6.31970961,81.03551024,41.62644415
Field_34,2023-12-11,22.12689959,73.08389026,0.62234049,0.63289972,-0.63289972,0.93337466,12.38985978,13.66911424,8.30706709,Groundnut,92.44347021,69.96081462,30.34159458,5.50611704,73.26716795,40.19716524
Field_34,2023-11-27,22.12689959,73.08389026,0.58149732,0.53595866,-0.53595866,0.87212857,17.75722013,10.07816775,15.43345817,Groundnut,94.05182263,64.70711088,25.46265608,5.92402270,67.75523932,53.91615623
Field_34,2023-12-12,22.12689959,73.08389026,0.65712276,0.61679330,-0.61679330,0.98553148,12.85709710,14.71691491,8.65609562,Groundnut,61.77935193,62.12632113,34.22071489,5.88540515,83.20251917,41.79336723
Field_34,2023-12-27,22.12689959,73.08389026,0.65321644,0.62567076,-0.62567076,0.97965325,12.44366964,8.29558140,8.59964896,Groundnut,89.21367305,55.88935468,50.21994419,6.15733601,80.64849925,41.50125184
Field_35,2023-01-16,10.90004055,79.83779179,0.47611361,0.44334377,-0.44334377,0.71403199,23.56281149,22.20461919,14.09755384,Groundnut,82.34839563,47.56199826,43.21196906,6.02500427,80.09896726,50.55682916
Field_35,2023-01-31,10.90004055,79.83779179,0.47611361,0.44334377,-0.44334377,0.71403199,23.56281149,18.25920929,5.65313320,Groundnut,77.72399120,48.43714204,32.58819659,6.58673182,66.25225276,47.95908866
Field_35,2023-02-15,10.90004055,79.83779179,0.43453800,0.40056587,-0.40056587,0.65169214,26.17184487,20.91274328,7.17531152,Groundnut,68.18904312,49.36774576,28.72251898,6.50484224,86.15000000,36.58745354
Field_35,2023-02-03,10.90004055,79.83779179,0.38150405,0.39949922,-0.39949922,0.57216883,26.76794175,19.14381571,14.01382462,Groundnut,60.30847115,62.92382048,47.52634615,6.39053933,53.97924386,47.54178095
Field_35,2023-01-04,10.90004055,79.83779179,0.37007591,0.38832159,-0.38832159,0.55503101,27.45543436,24.81459849,6.62777890,Groundnut,81.58057670,57.35043225,32.42927658,5.68472155,79.69365380,34.29226113
Field_35,2023-04-16,10.90004055,79.83779179,0.10528357,0.08950080,-0.08950080,0.15790777,45.41882078,20.42338375,4.96354315,Groundnut,86.86044237,53.74074124,57.47303395,6.08840739,75.33844532,29.56625131
Field_35,2023-05-16,10.90004055,79.83779179,0.17695032,0.16562840,-0.16562840,0.26539761,40.79948948,29.25438417,5.42546500,Groundnut,72.73231993,35.39150829,48.15799733,5.97963825,77.14360639,30.31740519
Field_35,2023-05-31,10.90004055,79.83779179,0.33673195,0.38250974,-0.38250974,0.50502703,28.09275060,27.81999930,13.86706330,Groundnut,60.34195587,49.54549530,35.03201263,6.53302452,74.78060426,45.99774242
Field_35,2023-06-15,10.90004055,79.83779179,0.33335422,0.37790009,-0.37790009,0.49995827,28.36263555,39.98203710,13.01848182,Groundnut,67.51953617,57.79746926,43.71561869,6.66551886,76.40810687,45.46567509
Field_35,2023-06-30,10.90004055,79.83779179,0.37474189,0.39975932,-0.39975932,0.56201763,26.82372059,35.57359082,14.09379073,Groundnut,60.38697951,54.29416976,52.23900685,6.40420858,75.03093009,47.32269440
Field_35,2023-07-30,10.90004055,79.83779179,0.32615217,0.37849852,-0.37849852,0.48916131,28.40563097,35.65772577,6.25805326,Groundnut,70.03265939,35.18539246,25.58556345,6.37790627,67.52807809,32.74822260
Field_35,2023-09-13,10.90004055,79.83779179,0.30992662,0.33328786,-0.33328786,0.46486409,30.87999443,26.33753113,8.02295223,Groundnut,72.20645475,53.09716716,33.13493017,6.06570887,86.15000000,43.26437691
Field_35,2023-09-28,10.90004055,79.83779179,0.04569394,0.03919236,-0.03919236,0.06853217,48.59637090,33.81056957,6.87426266,Groundnut,63.43611150,60.77708637,18.96000000,6.07903585,74.28582336,40.97961720
Field_35,2023-10-13,10.90004055,79.83779179,0.34253596,0.40196268,-0.40196268,0.51373413,27.04012270,24.18293832,13.71183498,Groundnut,62.72816931,51.88356215,39.63872496,5.56532577,68.43383645,45.83081934
Field_36,2023-01-01,16.08907029,78.02372726,0.44546447,0.42939345,-0.42939345,0.66811397,24.58819195,18.66173526,7.20447563,Groundnut,93.88603118,67.14390268,52.87863706,6.10318829,62.80871630,36.55615546
Field_36,2023-01-16,16.08907029,78.02372726,0.43884131,0.47429908,-0.47429908,0.65817515,22.36275553,17.85920238,14.53689703,Groundnut,58.14613389,50.59764988,55.28108551,5.91834269,78.91334786,48.87716562
Field_36,2023-01-31,16.08907029,78.02372726,0.38079042,0.44274036,-0.44274036,0.57111356,24.56714822,16.31154148,13.88117497,Groundnut,62.29074158,51.78222277,24.19784713,5.68505758,73.47158534,46.76976169
Field_36,2023-02-15,16.08907029,78.02372726,0.35457349,0.44362666,-0.44362666,0.53179780,24.78964009,22.90451377,6.35871648,Groundnut,80.46175952,54.30175672,44.74771563,6.05025048,75.81612667,32.82125145
Field_36,2023-02-03,16.08907029,78.02372726,0.35908158,0.46770466,-0.46770466,0.53856164,23.51407178,21.52331190,6.34272326,Groundnut,71.23122744,48.87258366,43.49018821,6.34654691,67.58456645,32.62303029
Field_36,2023-03-17,16.08907029,78.02372726,0.35807416,0.44039977,-0.44039977,0.53704576,24.91866741,23.30446119,13.35810257,Groundnut,75.80804951,31.56492410,54.82853941,7.30000000,76.19851566,45.63259817
Field_36,2023-01-04,16.08907029,78.02372726,0.34732141,0.45381318,-0.45381318,0.52092672,24.34353658,18.35082470,6.27028337,Groundnut,73.38469150,44.39550255,38.16142769,6.04971614,64.66221927,32.38307836
Field_36,2023-04-16,16.08907029,78.02372726,0.33572419,0.44655025,-0.44655025,0.50353600,24.83285409,39.48200671,6.18373182,Groundnut,82.64787298,42.23850335,45.73386215,7.05740531,70.29283653,32.04923219
Field_36,2023-01-05,16.08907029,78.02372726,0.32398926,0.41149786,-0.41149786,0.48593331,26.74262973,15.95344375,13.42207545,Groundnut,66.67576969,59.36667983,45.72647402,6.42121136,80.63098062,44.80841544
Field_36,2023-05-16,16.08907029,78.02372726,0.37799870,0.44244756,-0.44244756,0.56694103,24.61061139,29.55661447,6.57133224,Groundnut,94.84652261,52.06841641,34.39764494,6.70283956,80.36287453,33.74976111
Field_36,2023-05-31,16.08907029,78.02372726,0.33572979,0.42959726,-0.42959726,0.50354340,25.69849066,28.31691524,6.22324449,Groundnut,74.76516587,44.48120725,43.19272516,6.32865101,65.05085656,32.32048220
Field_36,2023-06-15,16.08907029,78.02372726,0.40401550,0.46177468,-0.46177468,0.60595850,23.35797778,37.10671802,6.75854700,Groundnut,74.44027381,59.44849764,48.80146657,6.62754204,64.76003097,34.44875152
Field_36,2023-08-29,16.08907029,78.02372726,0.35840852,0.42887435,-0.42887435,0.53753789,25.50379068,43.72120626,13.53779111,Groundnut,76.86528667,39.52200654,33.56241545,6.06383389,62.45583076,45.92471357
Field_36,2023-09-28,16.08907029,78.02372726,0.50426954,0.52872885,-0.52872885,0.75631165,18.91512321,32.47119316,14.12577717,Groundnut,82.00906776,30.27320947,38.81630169,5.87237646,78.28146330,50.31687723
Field_36,2023-10-13,16.08907029,78.02372726,0.51337128,0.51579245,-0.51579245,0.76996530,19.48275726,26.64211869,7.60901004,Groundnut,80.12728205,47.37742399,41.44450115,5.98398939,76.21272087,37.82894398
Field_36,2023-10-28,16.08907029,78.02372726,0.56541074,0.55799646,-0.55799646,0.84801501,16.79616380,30.20384400,15.45603684,Groundnut,76.42495975,39.12204858,37.64993392,6.30689975,64.99247039,52.95634850
Field_36,2023-12-12,16.08907029,78.02372726,0.50750375,0.51442717,-0.51442717,0.76116762,19.61239930,22.25968283,7.55914882,Groundnut,98.95000000,64.99425479,28.14616106,6.28201201,67.72566288,37.62029013
Field_36,2023-12-27,16.08907029,78.02372726,0.39202542,0.45650342,-0.45650342,0.58796353,23.74960435,24.67428265,6.66352845,Groundnut,71.80497691,61.46913088,18.96000000,6.42236655,70.35607608,34.07317458
Field_37,2023-01-01,27.14495442,75.24209833,0.45994630,0.49060228,-0.49060228,0.68984510,21.31470022,5.10703025,7.19036396,Mustard,95.45938863,64.94957462,37.21151246,5.93203844,78.02453373,36.15971314
Field_37,2023-01-16,27.14495442,75.24209833,0.46220918,0.49333475,-0.49333475,0.69323379,21.15205802,11.58223680,7.20447563,Mustard,77.65366146,77.57891695,31.65804617,6.00660361,70.82569492,36.20144391
Field_37,2023-01-31,27.14495442,75.24209833,0.47741289,0.49822616,-0.49822616,0.71603900,20.74700783,13.52925127,14.53313391,Mustard,87.47997822,56.18711207,41.56971416,6.00906899,64.51013454,49.98303106
Field_37,2023-02-15,27.14495442,75.24209833,0.46080657,0.49197225,-0.49197225,0.69113477,21.23595781,7.54853289,7.19506785,Mustard,78.26919225,41.99740532,30.20988031,5.93197137,71.13017526,36.17014583
Field_37,2023-02-03,27.14495442,75.24209833,0.37720122,0.43883748,-0.43883748,0.56573773,24.80310233,13.56152114,6.57227301,Mustard,73.62003340,59.14447705,38.37720594,5.93430788,60.39762448,33.77062649
Field_37,2023-03-17,27.14495442,75.24209833,0.27537318,0.35358772,-0.35358772,0.41300619,30.19628487,24.96674004,12.99119926,Mustard,85.02316263,68.55542310,24.90751498,6.48473720,67.32886191,43.59822308
Field_37,2023-01-04,27.14495442,75.24209833,0.18173169,0.29563722,-0.29563722,0.27256746,34.11183928,13.98621045,5.16204724,Mustard,69.23570668,61.50380669,29.81499767,5.92006733,60.11120708,28.47081857
Field_37,2023-04-16,27.14495442,75.24209833,0.13957557,0.25789068,-0.25789068,0.20934184,36.46987758,11.30968093,4.87416926,Mustard,76.13114251,57.35584974,51.89142324,5.47551283,79.22498580,27.43798198
Field_37,2023-01-05,27.14495442,75.24209833,0.13024974,0.23978277,-0.23978277,0.19535817,37.48979018,6.96035108,4.83371582,Mustard,97.15639398,44.88645733,33.34405974,5.90030074,80.80901144,27.35452044
Field_37,2023-05-16,27.14495442,75.24209833,0.11743949,0.22471003,-0.22471003,0.17614485,38.39029966,23.12668085,12.01373123,Mustard,98.26684889,66.20647838,18.96000000,5.72469384,76.21445232,39.28952097
Field_37,2023-05-31,27.14495442,75.24209833,0.13428122,0.19990555,-0.19990555,0.20140462,39.48492252,28.80713386,12.02878368,Mustard,75.82977449,40.53141129,36.53798585,6.85775800,73.68327152,40.01980946
Field_37,2023-06-15,27.14495442,75.24209833,0.15188932,0.23787735,-0.23787735,0.22781493,37.36608687,33.50995335,12.37404909,Mustard,75.41932270,38.65070249,31.77694032,7.30000000,64.95768709,40.30149217
Field_37,2023-06-30,27.14495442,75.24209833,0.33063244,0.35565888,-0.35565888,0.49589651,29.52616624,30.35462284,13.27061024,Mustard,72.06062146,41.02979508,45.67004567,6.70172069,85.69024394,45.85168472
Field_37,2023-08-14,27.14495442,75.24209833,0.60731299,0.56199648,-0.56199648,0.91088868,16.16396289,30.19372918,15.21143464,Mustard,98.94124307,46.38326834,49.50192512,5.95142066,69.92695730,54.38562741
Field_37,2023-08-29,27.14495442,75.24209833,0.47651522,0.48351816,-0.48351816,0.71470494,21.50722981,26.82879959,14.66578357,Mustard,68.19693040,51.39752859,34.75010366,7.08645741,70.45581330,50.25428107
Field_37,2023-09-13,27.14495442,75.24209833,0.47864544,0.50923657,-0.50923657,0.71789583,20.17218005,16.11155669,14.13330339,Mustard,54.04035095,49.99718603,42.94213321,6.60566214,68.17049755,49.63875220
Field_37,2023-09-28,27.14495442,75.24209833,0.36104004,0.40635308,-0.40635308,0.54150068,26.62695005,23.31364234,6.50453702,Mustard,80.41716987,46.61221757,28.97354860,6.24099753,70.96920824,33.65586687
Field_37,2023-10-13,27.14495442,75.24209833,0.25487667,0.35681442,-0.35681442,0.38227309,30.24084357,20.38911681,5.67194875,Mustard,98.95000000,36.96694948,32.73381449,6.74546881,81.54724194,30.33827057
Field_37,2023-10-28,27.14495442,75.24209833,0.21002510,0.32547220,-0.32547220,0.31500531,32.29937738,11.61090799,6.41234081,Mustard,89.72845007,64.85312267,42.51235641,6.35877256,71.13168110,39.52947290
Field_37,2023-12-11,27.14495442,75.24209833,0.18231491,0.26387175,-0.26387175,0.27344422,35.72796633,13.16899154,5.24201335,Mustard,73.70258431,74.03735629,30.91553914,6.26331975,64.02513239,28.99245321
Field_37,2023-11-27,27.14495442,75.24209833,0.19272800,0.29999879,-0.29999879,0.28905770,33.77681429,20.37746919,12.14732167,Mustard,55.26580728,55.86762899,66.00000000,6.67603284,75.99576342,40.78139604
Field_37,2023-12-12,27.14495442,75.24209833,0.25316478,0.33906881,-0.33906881,0.37970208,31.16449505,8.74942114,5.69829053,Mustard,97.57020606,54.74589147,27.74169691,5.40184126,82.64802572,30.54692443
Field_37,2023-12-27,27.14495442,75.24209833,0.34363685,0.40996086,-0.40996086,0.51539040,26.62045748,10.36760580,6.34084170,Mustard,65.70691741,69.89214282,26.38661241,5.92244004,86.15000000,32.93601107
Field_38,2023-01-31,29.29597577,76.42519515,0.69840439,0.63852303,-0.63852303,1.04746966,11.32587785,14.21831330,15.59339038,Mustard,86.57865446,44.44836980,42.88966390,6.41112558,83.59052800,56.91033906
Field_38,2023-02-15,29.29597577,76.42519515,0.24421054,0.23413191,-0.23413191,0.36628982,36.61448071,14.35935163,5.86574896,Mustard,67.49576642,47.25674180,45.90563049,6.05084849,72.15836268,31.84057833
Field_38,2023-02-03,29.29597577,76.42519515,0.72061418,0.66630722,-0.66630722,1.08078542,9.68027001,12.44985106,9.10672814,Mustard,90.75758909,66.66960977,29.98428599,6.55597868,78.59057645,43.47303077
Field_38,2023-03-17,29.29597577,76.42519515,0.64892081,0.61595880,-0.61595880,0.97325248,12.98347566,16.95377595,12.24610332,Mustard,81.41024242,40.58604653,40.94521301,6.40842816,70.64922032,53.49884852
Field_38,2023-01-04,29.29597577,76.42519515,0.38528571,0.45549497,-0.45549497,0.57785042,23.86993227,7.49279068,3.86095168,Mustard,86.65436107,47.16667776,42.04373372,6.09110958,63.55612761,44.25548273
Field_38,2023-04-16,29.29597577,76.42519515,0.25216142,0.36756918,-0.36756918,0.37820061,29.71938881,19.53838415,5.62302831,Mustard,57.32677337,47.15930697,40.46813533,5.80415681,76.85773196,30.06702056
Field_38,2023-01-05,29.29597577,76.42519515,0.23775519,0.34819837,-0.34819837,0.35659021,30.85567648,13.91807433,12.41732487,Mustard,68.00309266,67.52686219,34.47267717,6.15997887,83.61987316,41.90812685
Field_38,2023-05-16,29.29597577,76.42519515,0.16741335,0.25137301,-0.25137301,0.25109221,36.51839459,28.17755979,12.57725708,Mustard,81.07244535,47.66180872,43.07239999,6.64809020,70.86793891,40.80226142
Field_38,2023-05-31,29.29597577,76.42519515,0.22506094,0.28767757,-0.28767757,0.33755271,34.07577754,14.36547881,12.30160921,Mustard,87.44303397,59.44921365,35.34523929,5.76588246,60.96073376,42.30456918
Field_38,2023-06-15,29.29597577,76.42519515,0.20932705,0.27512157,-0.27512157,0.31395852,34.87762988,25.17328129,12.87548361,Mustard,58.57850272,55.37508298,49.67814713,6.37478130,55.36029213,42.21067495
Field_38,2023-06-30,29.29597577,76.42519515,0.04075938,0.02251393,-0.02251393,0.06113260,49.49844061,28.47679245,11.45396850,Mustard,56.96468406,36.37089860,36.31577588,6.55979862,75.22700238,42.38803072
Field_38,2023-08-14,29.29597577,76.42519515,0.70791049,0.63891189,-0.63891189,1.06172309,11.20893648,30.75898298,11.36365384,Mustard,94.38044439,48.02346634,48.03239203,6.11510710,76.82936290,54.92812743
Field_38,2023-08-29,29.29597577,76.42519515,0.73474072,0.66755963,-0.66755963,1.10197720,9.47204368,31.17050057,9.22997002,Mustard,74.59263193,46.39872816,44.96445061,6.34958818,73.35782187,43.99466541
Field_38,2023-09-13,29.29597577,76.42519515,0.73447301,0.65143896,-0.65143896,1.10156413,10.29796978,26.35733467,16.23500077,Mustard,88.89105956,34.23672769,44.11977494,6.61544552,64.21348565,58.45437759
Field_38,2023-09-28,29.29597577,76.42519515,0.69565266,0.63004830,-0.63004830,1.04335032,11.78673754,14.94562060,8.96937459,Mustard,84.74211031,55.34716452,18.96000000,6.42968823,64.87775371,43.07658844
Field_38,2023-10-13,29.29597577,76.42519515,0.66749648,0.61357757,-0.61357757,1.00111943,12.91536078,22.02244593,8.75581806,Mustard,79.79010803,50.46232959,36.24800577,5.89857491,78.49892598,42.24197302
Field_38,2023-10-28,29.29597577,76.42519515,0.26271814,0.28706144,-0.28706144,0.39403288,33.72265146,25.69477437,5.90620240,Mustard,68.21776283,57.80447356,48.07045205,6.91348303,68.05229297,31.72581871
Field_38,2023-12-11,29.29597577,76.42519515,0.16251200,0.16915212,-0.16915212,0.24373912,40.76700968,6.37134513,5.28811145,Mustard,61.02930176,61.40139918,54.84409752,6.33609534,73.69070736,29.71230901
Field_38,2023-11-27,29.29597577,76.42519515,0.30385730,0.32708294,-0.32708294,0.45572349,31.25882991,16.72353653,2.43096958,Mustard,71.83413204,45.73028116,44.67688594,5.95542455,71.12072063,43.12875191
Field_38,2023-12-12,29.29597577,76.42519515,0.39245771,0.41557610,-0.41557610,0.58860082,25.83511731,14.51073584,6.76325089,Mustard,98.95000000,56.26925948,37.14529156,5.54375801,79.44042817,34.73043423
Field_38,2023-12-27,29.29597577,76.42519515,0.51511697,0.48240638,-0.48240638,0.77256455,21.16976762,12.00630516,14.30358416,Mustard,76.27638639,43.64627983,56.13271825,6.26279707,68.03627891,51.56880036
Field_39,2023-01-16,25.45841882,82.84785602,0.47943286,0.41241595,-0.41241595,0.71905758,25.10822255,11.19066910,15.02892376,Mustard,51.34223982,57.10487394,32.46828777,5.82278619,67.92360191,51.68355998
Field_39,2023-01-31,25.45841882,82.84785602,0.63489802,0.59773183,-0.59773183,0.95222772,14.05743741,12.44463002,8.50180808,Mustard,83.35077939,35.21815257,41.10373419,5.92657090,77.15421249,41.24043452
Field_39,2023-02-15,25.45841882,82.84785602,0.57415231,0.56484591,-0.56484591,0.86111899,16.35712460,6.43983607,8.03612312,Mustard,48.43634523,61.07821976,39.41953516,6.55732083,58.25816977,39.40428059
Field_39,2023-02-03,25.45841882,82.84785602,0.55343644,0.54513891,-0.54513891,0.83004809,17.57501858,8.10580139,14.89533333,Mustard,73.25129542,54.43352054,66.00000000,6.09880300,77.24016756,52.39298309
Field_39,2023-03-17,25.45841882,82.84785602,0.56439379,0.57107580,-0.57107580,0.84647293,16.13866154,21.15937678,14.95742466,Mustard,63.06053835,48.40432017,22.54390602,6.11959771,83.66279987,52.44514655
Field_39,2023-01-04,25.45841882,82.84785602,0.37113607,0.41330905,-0.41330905,0.55663397,26.16863809,5.29616643,13.46441045,Mustard,69.61337417,67.59240790,35.43158199,5.18427594,71.04081707,46.62370399
Field_39,2023-04-16,25.45841882,82.84785602,0.27831075,0.33634447,-0.33634447,0.41741929,31.04679918,22.94400833,5.92972185,Mustard,69.83260301,48.57724732,55.20732761,6.24147365,70.81932359,31.55889563
Field_39,2023-01-05,25.45841882,82.84785602,0.43817901,0.43919851,-0.43919851,0.65719654,24.16190824,11.59118358,14.49550281,Mustard,72.47896949,66.87785745,41.30487915,5.98008815,81.71839394,49.37793488
Field_39,2023-05-16,25.45841882,82.84785602,0.32762516,0.36705673,-0.36705673,0.49138788,28.97485518,10.79188055,6.29850670,Mustard,54.22239800,60.18951394,51.02869908,6.29696934,80.44238665,32.98817454
Field_39,2023-05-31,25.45841882,82.84785602,0.33004631,0.36283649,-0.36283649,0.49502070,29.16563216,29.35406397,6.32955237,Mustard,70.58584494,45.34286343,54.05815429,6.41746969,66.39248166,33.14466493
Field_39,2023-06-15,25.45841882,82.84785602,0.25358362,0.30687978,-0.30687978,0.38033765,32.80393045,27.49858441,13.15395381,Mustard,91.49716440,43.06288480,28.44807578,5.77666165,77.33410110,43.57735770
Field_39,2023-08-29,25.45841882,82.84785602,0.66910141,0.59808103,-0.59808103,1.00353642,13.69029080,25.16573879,15.48708250,Mustard,98.95000000,45.31119929,48.33136508,6.26511469,64.34357845,56.35740634
Field_39,2023-09-28,25.45841882,82.84785602,0.63006349,0.56608916,-0.56608916,0.94496750,15.72262513,14.93565351,8.53285374,Mustard,98.95000000,53.80170838,51.69263843,6.13656495,82.03172718,41.54298261
Field_39,2023-10-13,25.45841882,82.84785602,0.54931225,0.51609255,-0.51609255,0.82386431,19.10037264,22.45041969,7.92887446,Mustard,60.67526010,40.65355739,42.09518551,6.51311988,77.57854047,39.20605943
Field_39,2023-10-28,25.45841882,82.84785602,0.49962586,0.52676382,-0.52676382,0.74933770,19.06289188,28.12589651,14.88028089,Mustard,71.83971561,34.59528342,27.17352384,6.36304030,67.30588036,50.58812724
Field_39,2023-12-11,25.45841882,82.84785602,0.29136915,0.31996339,-0.31996339,0.43700329,31.74992484,14.98473501,12.89053605,Mustard,78.89463954,56.58948383,45.02442113,6.05755072,74.21362746,44.68322313
Field_39,2023-11-27,25.45841882,82.84785602,0.35947549,0.41879540,-0.41879540,0.53913768,26.00756915,10.00176792,13.34399090,Mustard,98.18574709,69.73451743,36.39442802,6.08712817,60.01445763,46.01860781
Field_39,2023-12-12,25.45841882,82.84785602,0.40166322,0.41538845,-0.41538845,0.60240805,25.75068508,7.66520421,6.84603932,Mustard,75.55749019,50.49161346,36.19577332,5.49692576,58.44330142,35.08514578
Field_39,2023-12-27,25.45841882,82.84785602,0.22959873,0.20962310,-0.20962310,0.34435680,38.01523586,8.75090204,12.45025209,Mustard,52.56917695,55.31756313,30.05647015,6.00765043,69.99664482,43.78601155
Field_40,2023-01-01,16.57005709,77.21934643,0.47465770,0.51895589,-0.51895589,0.71187325,19.71659566,20.05550259,7.25527762,Sunflower,87.00832991,50.03472553,40.34589163,5.82611223,68.92055588,36.28490545
Field_40,2023-01-16,16.57005709,77.21934643,0.45838429,0.54268497,-0.54268497,0.68746639,18.67108320,16.87684813,13.69113787,Sunflower,70.89345360,57.42677939,33.83039771,6.55683022,86.15000000,48.09471367
Field_40,2023-01-31,16.57005709,77.21934643,0.43169967,0.53510256,-0.53510256,0.64744635,19.33080077,22.97497784,13.63657277,Sunflower,67.73536952,65.66829581,47.34440797,6.84265126,58.28269233,47.14533863
Field_40,2023-02-15,16.57005709,77.21934643,0.33981550,0.46835844,-0.46835844,0.50964826,23.67744895,19.57260282,6.16867938,Sunflower,85.66987217,59.87619914,29.93733364,5.71166982,66.66972676,31.87187641
Field_40,2023-02-03,16.57005709,77.21934643,0.30239731,0.43129998,-0.43129998,0.45353290,25.95196316,22.67785167,5.92219562,Sunflower,75.52273656,62.37711406,33.95405074,6.46607137,67.34850734,31.00596291
Field_40,2023-03-17,16.57005709,77.21934643,0.28953082,0.41918074,-0.41918074,0.43423591,26.70222816,25.92325114,12.68450573,Sunflower,79.02069886,46.90722039,34.39531841,6.20488980,72.23493626,42.95139613
Field_40,2023-01-04,16.57005709,77.21934643,0.24092192,0.37759399,-0.37759399,0.36133027,29.32226594,23.85314765,5.49884566,Sunflower,73.23883594,47.48246075,46.72431617,6.02722432,70.97342407,29.47235707
Field_40,2023-04-16,16.57005709,77.21934643,0.20371713,0.31615847,-0.31615847,0.30553121,32.83939967,32.57600884,5.31069012,Sunflower,88.45538904,40.83648253,42.88205251,6.58262274,74.76355072,29.00288590
Field_40,2023-01-05,16.57005709,77.21934643,0.20446663,0.32414011,-0.32414011,0.30665721,32.42416776,20.69805527,16.44855731,Sunflower,78.48002341,41.50949968,42.47589834,6.17527501,79.37032301,43.24351153
Field_40,2023-05-16,16.57005709,77.21934643,0.23699698,0.34336346,-0.34336346,0.35544036,31.11031135,20.56934965,5.54400299,Sunflower,61.55140018,43.48911296,41.65955238,6.34150800,74.25933437,29.85836671
Field_40,2023-05-31,16.57005709,77.21934643,0.20951913,0.32710933,-0.32710933,0.31422765,32.22094587,38.75035272,5.33703189,Sunflower,86.55325412,29.96000000,29.07849670,6.60706955,71.00551984,29.05504936
Field_40,2023-06-15,16.57005709,77.21934643,0.19280215,0.30489243,-0.30489243,0.28915822,33.52616650,37.52408557,5.23919101,Sunflower,79.75134268,35.82306008,26.05788933,6.35305603,69.21036303,28.75250127
Field_40,2023-06-30,16.57005709,77.21934643,0.18226864,0.29719555,-0.29719555,0.27335911,34.02678004,35.85745898,12.35711509,Sunflower,91.75049840,66.17185448,40.71564209,7.30000000,76.21867720,40.53101141
Field_40,2023-09-28,16.57005709,77.21934643,0.61819357,0.57481926,-0.57481926,0.92715968,15.39805383,37.52035254,15.38453773,Sunflower,74.92769581,47.37929032,20.29089076,7.00004637,69.81970175,54.69860819
Field_40,2023-10-13,16.57005709,77.21934643,0.59054757,0.58173367,-0.58173367,0.88569537,15.32731908,24.11566238,8.14337177,Sunflower,78.55238387,56.41630922,36.33557611,6.16301247,79.73396431,39.76942484
Field_40,2023-10-28,16.57005709,77.21934643,0.56180547,0.55412438,-0.55412438,0.84259194,17.03070963,28.53101518,7.95145312,Sunflower,81.48610329,60.87220488,44.33716320,5.68666548,73.90591789,39.09129981
Field_40,2023-12-11,16.57005709,77.21934643,0.52435480,0.53051795,-0.53051795,0.78642658,18.61863582,20.36709863,14.94613532,Sunflower,84.64539148,47.26635221,44.19465662,6.19520899,76.33558611,51.52706959
Field_40,2023-11-27,16.57005709,77.21934643,0.52225626,0.54524399,-0.54524399,0.78327194,17.88809193,27.09685643,7.61841782,Sunflower,64.82103037,38.43702739,49.70730933,6.68367273,76.79498855,37.70375167
Field_40,2023-12-12,16.57005709,77.21934643,0.53846101,0.57108915,-0.57108915,0.80757697,16.40282824,16.77509801,7.70308781,Sunflower,79.84698148,59.55923272,26.15957053,6.48857200,81.67759138,37.93327091
Field_40,2023-12-27,16.57005709,77.21934643,0.47844276,0.54339018,-0.54339018,0.71756667,18.43021717,22.25595884,7.23175818,Sunflower,86.39403005,55.17165451,27.27593778,5.46425837,75.65515480,36.04495352
Field_41,2023-01-01,17.44770372,78.36495009,0.12440401,0.13358004,-0.13358004,0.18657943,42.97266744,24.85976508,5.03127914,Sunflower,67.01847122,67.37702866,33.33495215,6.94053465,85.42815274,28.81509743
Field_41,2023-01-16,17.44770372,78.36495009,0.18151407,0.22104806,-0.22104806,0.27222370,37.92290997,17.10213208,12.38816076,Sunflower,91.40963709,58.52466434,37.33860669,5.87999922,86.15000000,41.70990569
Field_41,2023-01-31,17.44770372,78.36495009,0.16928359,0.22167100,-0.22167100,0.25388177,38.01600861,17.16438644,12.03725068,Sunflower,87.62493779,49.81067899,53.81732651,5.62172834,75.21625653,41.04221335
Field_41,2023-02-15,17.44770372,78.36495009,0.16882605,0.22406297,-0.22406297,0.25319845,37.89853672,23.72752942,5.21567157,Sunflower,74.40951856,68.86215786,32.87596407,6.19799064,81.43878188,29.09678013
Field_41,2023-02-03,17.44770372,78.36495009,0.16998419,0.23708447,-0.23708447,0.25493956,37.22177437,22.29853642,5.19497446,Sunflower,79.18797671,58.29287162,34.24091879,6.60572897,76.74179009,28.92985705
Field_41,2023-03-17,17.44770372,78.36495009,0.17777657,0.24989575,-0.24989575,0.26662721,36.48799172,23.43604730,14.39578037,Sunflower,98.95000000,60.21510603,25.61856927,6.35325331,75.92573703,42.23154033
Field_41,2023-01-04,17.44770372,78.36495009,0.17346519,0.23427375,-0.23427375,0.26016249,37.32975112,18.22629814,5.23260557,Sunflower,73.90143483,58.98093947,39.17802278,6.63373726,70.92986734,29.10721283
Field_41,2023-04-16,17.44770372,78.36495009,0.21207226,0.27441961,-0.27441961,0.31806724,34.88543850,21.64525419,5.48379322,Sunflower,86.00363685,52.58666434,39.53643336,6.07697034,86.15000000,29.97312633
Field_41,2023-01-05,17.44770372,78.36495009,0.18004520,0.23553025,-0.23553025,0.27003247,37.19838755,24.58034196,12.44648897,Sunflower,68.43731057,42.45140496,51.60371932,6.25110380,66.60428650,41.45952107
Field_41,2023-05-16,17.44770372,78.36495009,0.17555593,0.18583854,-0.18583854,0.26330476,39.78171188,39.10482673,5.36525523,Sunflower,80.34229929,37.57279187,46.10409461,6.19185654,71.05937684,29.95226094
Field_41,2023-05-31,17.44770372,78.36495009,0.19274079,0.23437831,-0.23437831,0.28907654,37.12755238,39.25476876,5.40476789,Sunflower,92.54738104,35.05447979,54.48367306,7.26315428,60.25189977,29.85836671
Field_41,2023-06-15,17.44770372,78.36495009,0.17311105,0.20276333,-0.20276333,0.25963669,38.94242736,36.65289870,5.30410467,Sunflower,73.45074774,42.03148584,45.58739018,6.53129653,66.53230846,29.58711669
Field_41,2023-09-28,17.44770372,78.36495009,0.24779692,0.27340342,-0.27340342,0.37164638,34.57247831,36.64552076,23.47804829,Sunflower,90.62984430,46.20725171,39.64416589,6.50000609,86.15000000,49.60745412
Field_41,2023-10-13,17.44770372,78.36495009,0.22471016,0.24424107,-0.24424107,0.33701994,36.29741732,24.84733746,5.66724487,Sunflower,98.95000000,34.52112561,21.18874486,5.88721224,85.80785123,30.93293406
Field_41,2023-10-28,17.44770372,78.36495009,0.23070364,0.26761673,-0.26761673,0.34600464,35.04254352,24.58392608,5.66630409,Sunflower,67.63072124,64.08302518,40.91729446,6.35545341,68.66715864,30.79730906
Field_41,2023-12-12,17.44770372,78.36495009,0.19211914,0.20342900,-0.20342900,0.28813556,38.71430821,22.74075349,5.47250388,Sunflower,97.08272096,61.71822003,24.57461670,6.35289479,73.78657193,30.31740519
Field_42,2023-01-01,19.03643687,74.62782859,0.32220569,0.46849413,-0.46849413,0.48323550,23.85036666,20.72644987,6.01156950,Sunflower,93.74014927,60.48546266,51.65083866,5.55014411,83.71248932,31.18331869
Field_42,2023-01-16,19.03643687,74.62782859,0.31093105,0.47216372,-0.47216372,0.46632649,23.77812758,17.76774890,5.90149851,Sunflower,92.83336083,40.95649704,31.88357732,6.35173957,78.40566005,30.69298213
Field_42,2023-01-31,19.03643687,74.62782859,0.30906210,0.46585128,-0.46585128,0.46352503,24.11955569,21.18339955,5.89961696,Sunflower,74.69793986,61.72606143,30.66822735,5.73457270,64.73951900,30.72428021
Field_42,2023-02-15,19.03643687,74.62782859,0.27620916,0.43339679,-0.43339679,0.41425498,26.11234676,19.92829836,5.68229731,Sunflower,70.17769767,55.71772802,26.40311324,6.31481126,65.26446220,29.96269363
Field_42,2023-02-03,19.03643687,74.62782859,0.23104094,0.35701853,-0.35701853,0.34651382,30.47385207,17.82459625,5.45839222,Sunflower,87.69430852,44.72992201,50.12331814,5.89230096,80.92440331,29.40976092
Field_42,2023-03-17,19.03643687,74.62782859,0.24670303,0.39885755,-0.39885755,0.37000043,28.17741399,35.40808126,12.40885787,Sunflower,71.71610669,53.99431089,34.23671226,6.21662624,70.03163372,41.45952107
Field_42,2023-01-04,19.03643687,74.62782859,0.21344606,0.34595591,-0.34595591,0.32012529,31.21845195,23.71392641,5.32762412,Sunflower,87.81145128,79.69686414,34.51127819,6.51840526,64.94790111,28.90899166
Field_42,2023-04-16,19.03643687,74.62782859,0.22848854,0.33468288,-0.33468288,0.34268494,31.64047545,39.42964692,5.48849710,Sunflower,91.12311727,40.24193886,18.96000000,6.63919150,72.67607447,29.66014554
Field_42,2023-01-05,19.03643687,74.62782859,0.24411871,0.35393551,-0.35393551,0.36613245,30.49772259,23.94315381,5.58257487,Sunflower,70.84802630,57.86778226,53.34728153,5.73565501,66.26531378,29.96269363
Field_42,2023-05-16,19.03643687,74.62782859,0.22836428,0.33372111,-0.33372111,0.34250151,31.69085676,26.44508403,5.48943788,Sunflower,42.71302509,61.54907438,35.54435605,5.78371577,63.49497741,29.67057824
Field_42,2023-05-31,19.03643687,74.62782859,0.19766103,0.31260116,-0.31260116,0.29645184,33.08290198,20.56186082,5.26459201,Sunflower,67.96047550,40.08292528,61.06630525,5.52021522,55.07184754,28.81509743
Field_42,2023-06-15,19.03643687,74.62782859,0.27911309,0.34756020,-0.34756020,0.41861375,30.46588105,37.01969929,5.91090629,Sunflower,77.10934599,51.93937131,41.05238280,6.70723311,72.45614099,31.41283793
Field_42,2023-09-28,19.03643687,74.62782859,0.51233047,0.52516485,-0.52516485,0.76837435,19.01479126,37.80765333,25.22695403,Sunflower,68.91027214,54.24298014,46.41317695,6.56598250,73.62912611,56.84774290
Field_42,2023-10-13,19.03643687,74.62782859,0.48309920,0.52052170,-0.52052170,0.72454006,19.55042636,24.22891039,7.32677673,Sunflower,68.32144366,55.70636413,51.77564527,6.11276004,56.22999934,36.58745354
Field_42,2023-10-28,19.03643687,74.62782859,0.44073696,0.50289779,-0.50289779,0.66100489,20.88302023,26.58357426,2.52786968,Sunflower,91.69516616,44.96116528,43.68744033,6.48908269,80.88215586,35.22077079
Field_42,2023-12-11,19.03643687,74.62782859,0.42008472,0.53890797,-0.53890797,0.63002676,19.25510169,21.28912378,6.72091589,Sunflower,78.33046303,41.54731710,47.03776970,6.86329850,71.15224543,33.86452073
Field_42,2023-11-27,19.03643687,74.62782859,0.38999694,0.50642847,-0.50642847,0.58490745,21.22092966,34.45083647,13.62246110,Sunflower,72.62871691,53.98765874,44.10884286,6.97530664,75.55115716,45.97687703
Field_42,2023-12-12,19.03643687,74.62782859,0.42216820,0.49366122,-0.49366122,0.63314668,21.54432061,22.62821326,6.84509855,Sunflower,81.00676317,59.94472337,59.45656439,6.34068605,66.33383080,34.65740538
Field_42,2023-12-27,19.03643687,74.62782859,0.39591037,0.49498859,-0.49498859,0.59376424,21.74470716,18.31558436,6.60802257,Sunflower,93.31854095,42.61648680,55.66166309,6.28770683,65.25118071,33.61413610
Field_43,2023-01-01,12.80744668,77.70019499,0.40675017,0.42573477,-0.42573477,0.61002699,25.17040410,24.78658951,6.86767721,Ragi,98.95000000,51.24387880,22.15690010,5.91982112,72.41703399,35.11644386
Field_43,2023-01-16,12.80744668,77.70019499,0.37611445,0.40552100,-0.40552100,0.56407980,26.51548617,17.08950715,6.64094979,Ragi,66.07952739,40.11889648,49.03220134,6.14375788,66.25110807,34.25053036
Field_43,2023-01-31,12.80744668,77.70019499,0.34870136,0.38664125,-0.38664125,0.52296749,27.75953540,16.21132824,13.33270157,Ragi,84.88672331,70.20250082,32.97631065,5.70303920,69.60266064,46.10206935
Field_43,2023-02-15,12.80744668,77.70019499,0.31611890,0.37112688,-0.37112688,0.47410504,28.88452734,21.19308980,6.18561338,Ragi,96.89050975,52.61646493,39.85428330,5.91617371,86.15000000,32.47697259
Field_43,2023-02-03,12.80744668,77.70019499,0.30812088,0.38056114,-0.38056114,0.46211334,28.48445566,20.17317743,6.09247639,Ragi,74.76729460,52.47890087,45.25090309,6.52632687,77.48652487,32.01793411
Field_43,2023-03-17,12.80744668,77.70019499,0.29070576,0.32478935,-0.32478935,0.43599818,31.51026579,20.35263560,12.90088460,Ragi,72.84291566,56.31063127,36.71676477,5.93565598,61.43444459,44.58932890
Field_43,2023-01-04,12.80744668,77.70019499,0.28112551,0.32234770,-0.32234770,0.42162979,31.73278878,15.16690214,12.83785250,Ragi,82.51841708,59.47708590,28.91922385,5.66248094,86.15000000,44.22418465
Field_43,2023-04-16,12.80744668,77.70019499,0.32631811,0.37558734,-0.37558734,0.48941193,28.55259368,37.81902217,6.26652026,Ragi,68.87261039,51.65604026,32.80904669,6.79902436,66.70678815,32.80038607
Field_43,2023-01-05,12.80744668,77.70019499,0.30507032,0.35285179,-0.35285179,0.45754478,29.93057108,21.31048546,14.72505257,Ragi,88.15184445,50.15489097,45.66076309,5.79574113,65.23672372,45.71605972
Field_43,2023-05-16,12.80744668,77.70019499,0.38668012,0.38927319,-0.38927319,0.57994867,27.23726487,22.66235294,6.77359944,Ragi,76.29979578,44.08125964,50.77528221,6.81234977,86.15000000,34.91822270
Field_43,2023-05-31,12.80744668,77.70019499,0.42588739,0.41700836,-0.41700836,0.63874928,25.42056697,35.04282898,20.05267668,Ragi,77.90878944,44.47835703,33.10841382,6.96084462,65.32360334,41.89769416
Field_43,2023-08-14,12.80744668,77.70019499,0.24100308,0.23682252,-0.23682252,0.36146864,36.50984344,35.98318945,3.45265416,Ragi,71.61890003,37.54743820,43.58403250,6.57854274,84.77590468,42.10634802
Field_43,2023-10-13,12.80744668,77.70019499,0.41712873,0.41479637,-0.41479637,0.62560727,25.62297195,38.53296296,6.98621520,Ragi,80.66156062,29.96000000,46.69071405,6.65051449,66.15830354,35.69024196
Field_43,2023-10-28,12.80744668,77.70019499,0.39255543,0.39667687,-0.39667687,0.58875382,26.79919695,36.87515252,14.12954028,Ragi,73.36582543,52.94902051,47.32974828,6.28676889,55.06890996,48.07384828
Field_43,2023-12-11,12.80744668,77.70019499,0.40243729,0.40582624,-0.40582624,0.60356995,26.23106744,17.41848690,13.98936440,Ragi,87.88834144,54.89467917,28.04498774,6.18108804,74.87113192,48.24077137
Field_43,2023-11-27,12.80744668,77.70019499,0.40243729,0.40582624,-0.40582624,0.60356995,26.23106744,22.09335787,14.03075862,Ragi,90.67503295,52.55201387,31.23661300,5.90398160,80.08374533,48.26163675
Field_44,2023-01-01,14.59792549,79.69517334,0.42598164,0.38834383,-0.38834383,0.63888089,26.88334074,22.66965515,7.12733186,Ragi,81.40406319,39.25819710,55.76756036,6.31325074,62.00998377,36.45182854
Field_44,2023-01-16,14.59792549,79.69517334,0.42085572,0.39589983,-0.39589983,0.63118152,26.54984852,19.13726789,7.06335897,Ragi,76.56034270,54.16339994,34.87654595,5.85078052,61.78836639,36.12841506
Field_44,2023-01-31,14.59792549,79.69517334,0.42688464,0.40771115,-0.40771115,0.64023418,25.88513828,16.21594323,14.13330339,Ragi,79.16433235,60.53678572,39.79410044,6.15836910,71.30144331,49.23187718
Field_44,2023-02-15,14.59792549,79.69517334,0.42841309,0.42417487,-0.42417487,0.64252607,25.02881898,18.55722719,7.06429975,Ragi,67.03401549,49.14768331,37.03687115,6.42586717,68.77402420,35.98235736
Field_44,2023-02-03,14.59792549,79.69517334,0.36857476,0.39986322,-0.39986322,0.55285054,26.88139945,22.86579818,13.93762163,Ragi,74.74639767,40.50315321,45.08966391,6.24710944,75.63328197,46.99928093
Field_44,2023-03-17,14.59792549,79.69517334,0.32312812,0.36639473,-0.36639473,0.48463186,29.05458751,20.49936288,12.98931771,Ragi,77.17919080,51.47662081,50.26747765,6.36510758,63.98424413,45.23615585
Field_44,2023-01-04,14.59792549,79.69517334,0.28821533,0.34192496,-0.34192496,0.43227683,30.66068109,20.89451035,1.06590113,Ragi,70.59409263,56.61947901,33.51064952,5.35019287,73.68186398,31.86144372
Field_44,2023-04-16,14.59792549,79.69517334,0.25393578,0.34150110,-0.34150110,0.38086078,31.03241774,33.36834124,13.18594025,Ragi,77.30655836,49.12209597,42.59006878,5.96927460,82.37978047,43.06615575
Field_44,2023-01-05,14.59792549,79.69517334,0.26219340,0.35552901,-0.35552901,0.39324072,30.23175757,16.32207396,8.49804497,Ragi,81.08365252,74.61820980,18.96000000,5.83105080,76.06031244,41.07351143
Field_44,2023-05-16,14.59792549,79.69517334,0.20437969,0.26762083,-0.26762083,0.30656796,35.31117723,21.25344788,5.43110966,Ragi,66.55008621,44.57372554,47.41062048,6.70530756,67.03864782,29.78533786
Field_44,2023-05-31,14.59792549,79.69517334,0.21518399,0.25559138,-0.25559138,0.32273759,35.81511072,28.54504483,12.93757493,Ragi,73.80666416,66.81473106,41.01813960,6.68338946,67.24370538,42.77404035
Field_44,2023-07-15,14.59792549,79.69517334,0.42461857,0.39045318,-0.39045318,0.63684451,26.78954871,38.28149200,3.16007229,Ragi,47.69521050,44.73244650,47.47639147,6.89306824,57.83513007,46.79062707
Field_44,2023-08-14,14.59792549,79.69517334,0.49933645,0.49106882,-0.49106882,0.74890729,20.88859001,44.69102207,14.65919813,Ragi,96.63470637,35.26654594,38.29856096,6.59770517,74.44698298,51.01586764
Field_44,2023-08-29,14.59792549,79.69517334,0.42363392,0.40141697,-0.40141697,0.63538778,26.23974561,41.92446173,13.87364875,Ragi,67.11155490,46.34895747,51.90451929,6.50975642,82.24669392,49.06495409
Field_44,2023-09-13,14.59792549,79.69517334,0.30672630,0.35239847,-0.35239847,0.46005335,29.93680750,34.44083943,13.59141544,Ragi,59.24286430,47.72890628,19.82695881,6.37497018,86.15000000,45.16312700
Field_44,2023-09-28,14.59792549,79.69517334,0.24271432,0.32907227,-0.32907227,0.36401978,31.78169128,30.16737445,12.71178829,Ragi,70.34073819,48.84185491,50.36774887,6.13505960,72.87308140,42.56538650
Field_44,2023-10-13,14.59792549,79.69517334,0.22636699,0.25709274,-0.25709274,0.33951026,35.62423405,24.60191374,5.65219242,Ragi,87.88886587,38.04527608,40.39974250,6.06080478,66.34304154,30.79730906
Field_44,2023-10-28,14.59792549,79.69517334,0.33233950,0.35427346,-0.35427346,0.49844231,29.57947789,39.09182980,13.64127665,Ragi,84.00719787,48.85975046,50.97743321,6.92005079,70.38804479,46.14380012
Field_44,2023-12-11,14.59792549,79.69517334,0.14470020,0.10124702,-0.10124702,0.21703403,44.41645031,18.99258877,12.07111867,Ragi,81.36156235,50.48351721,48.08399469,5.85935507,68.47896791,41.99158840
Field_44,2023-12-12,14.59792549,79.69517334,0.17920583,0.18914793,-0.18914793,0.26877333,39.57544415,21.89989979,5.39065622,Ragi,63.15895298,51.29798183,33.53675040,5.82653078,73.42972621,30.03572248
Field_45,2023-01-01,30.48401993,79.48998110,0.45826186,0.52298900,-0.52298900,0.68725543,19.67809597,4.26956818,7.29384951,Ragi,91.43011221,52.64292355,44.12869545,6.07690756,64.80395502,46.01860781
Field_45,2023-01-16,30.48401993,79.48998110,0.43883946,0.50193678,-0.50193678,0.65811187,20.95147294,-4.00346956,6.97492587,Ragi,92.57180037,43.65975072,62.16293389,6.42107978,65.97584049,35.16860733
Field_45,2023-01-31,30.48401993,79.48998110,0.47370308,0.53315281,-0.53315281,0.71037041,19.00138793,-1.30164758,7.21294263,Ragi,98.95000000,51.05013999,23.40642446,5.04055705,79.36111063,36.02408813
Field_45,2023-02-15,30.48401993,79.48998110,0.40472515,0.47522475,-0.47522475,0.60696221,22.66391088,-4.32115916,6.73314600,Ragi,90.36339309,54.62828169,44.02981117,5.51448198,67.20826023,34.27139575
Field_45,2023-02-03,30.48401993,79.48998110,0.40871371,0.47800796,-0.47800796,0.61294804,22.48105311,-0.90979895,6.76231011,Ragi,88.75317342,51.86939956,34.61353876,5.92074558,85.77978867,34.37572268
Field_45,2023-03-17,30.48401993,79.48998110,0.34717458,0.40204338,-0.40204338,0.52067242,26.98862818,16.99689560,5.39630089,Ragi,91.19995136,60.24272454,19.19754811,6.00852905,67.77385792,33.18639570
Field_45,2023-01-04,30.48401993,79.48998110,0.41248551,0.45749859,-0.45749859,0.61862059,23.48983026,-4.79052484,13.96490418,Ragi,74.06415980,78.79670512,33.95860516,5.87206448,75.75969082,47.80259827
Field_45,2023-04-16,30.48401993,79.48998110,0.40705432,0.44886455,-0.44886455,0.61048929,23.98619031,7.70495938,6.81593444,Ragi,68.45923969,52.73198248,43.42341962,5.60516239,66.36820940,34.77216500
Field_45,2023-01-05,30.48401993,79.48998110,0.44721348,0.45595824,-0.45595824,0.67072449,23.21381522,-1.15154048,14.11448784,Ragi,88.30336610,59.47076662,33.20753543,5.51862018,58.77513009,49.25274256
Field_45,2023-05-16,30.48401993,79.48998110,0.45213067,0.45817389,-0.45817389,0.67810538,23.05045571,6.14516375,7.19694941,Ragi,64.56798410,67.90005357,54.06851002,5.91163912,86.15000000,36.36836699
Field_45,2023-05-31,30.48401993,79.48998110,0.45351919,0.45501892,-0.45501892,0.68018851,23.19738149,8.11499259,7.21670574,Ragi,75.93510188,58.56376499,42.45881798,6.84388430,66.89947949,36.46226123
Field_45,2023-06-15,30.48401993,79.48998110,0.50995481,0.49651671,-0.49651671,0.76483229,20.50195303,27.40410197,14.77115067,Ragi,66.54564815,38.23801971,43.67437470,6.92528275,61.65821249,51.40187727
Field_45,2023-08-29,30.48401993,79.48998110,0.68436503,0.57943158,-0.57943158,1.02642394,14.48672771,28.97156272,8.98724937,Ragi,87.25239539,61.53369001,43.71613209,6.59254181,53.18731778,43.43130000
Field_45,2023-09-28,30.48401993,79.48998110,0.67342159,0.60091831,-0.60091831,1.00989241,13.50128537,20.03953428,8.83860649,Ragi,81.77451781,61.43523440,23.39625552,6.59886437,86.15000000,42.66971343
Field_45,2023-10-13,30.48401993,79.48998110,0.62439129,0.57617308,-0.57617308,0.93645380,15.26562544,10.46123309,8.45853230,Ragi,82.20776378,51.17912177,35.90405125,5.83797961,84.55741449,41.16740567
Field_45,2023-10-28,30.48401993,79.48998110,0.59691794,0.57517244,-0.57517244,0.89523571,15.59730403,3.80389132,8.21581166,Ragi,80.62585554,54.77456612,37.22564620,5.84072870,74.06578398,40.12413639
Field_45,2023-12-11,30.48401993,79.48998110,0.56880254,0.56581040,-0.56581040,0.85305251,16.36251005,-0.30477110,7.98626190,Ragi,66.99733861,49.60693531,52.01161788,5.67331767,85.86396967,39.18519404
Field_45,2023-11-27,30.48401993,79.48998110,0.55133301,0.57415020,-0.57415020,0.82684403,16.11505732,14.13338302,18.15795039,Ragi,60.75664408,29.96000000,27.93182887,5.84230899,65.79007067,53.66577161
Field_45,2023-12-12,30.48401993,79.48998110,0.52732162,0.55607990,-0.55607990,0.79082572,17.28303104,-3.52639200,14.29041327,Ragi,77.43588190,46.16827065,30.25772741,6.08530411,71.97874571,50.86980994
Field_45,2023-12-27,30.48401993,79.48998110,0.44789647,0.49581412,-0.49581412,0.67173139,21.17162420,3.01498677,7.06994442,Ragi,67.53627288,62.46211363,54.24538716,6.37811387,82.17963908,35.60678042
Field_46,2023-01-01,19.01429118,74.58043055,0.29609578,0.44150396,-0.44150396,0.44407493,25.49526009,22.14125464,5.84128874,Sorghum,70.77318553,47.68270590,40.94516370,6.52687281,71.38390267,30.59908789
Field_46,2023-01-16,19.01429118,74.58043055,0.27779105,0.44328095,-0.44328095,0.41662314,25.59146294,21.12285564,5.67383031,Sorghum,74.81523210,65.13368748,35.98693773,6.32489957,67.16019281,29.86879940
Field_46,2023-01-31,19.01429118,74.58043055,0.26777523,0.44230984,-0.44230984,0.40160411,25.74334204,20.92486812,5.58633798,Sorghum,78.78085274,47.35776953,36.78442853,6.82101543,68.20601522,29.49322246
Field_46,2023-02-15,19.01429118,74.58043055,0.23409182,0.40525961,-0.40525961,0.35108676,27.97929337,24.77023725,5.37278145,Sorghum,79.60652626,49.65562597,28.64255996,6.01740724,59.76798658,28.77336666
Field_46,2023-02-03,19.01429118,74.58043055,0.19657621,0.33518421,-0.33518421,0.29482353,31.94079175,23.91992836,5.20250068,Sorghum,60.56088166,49.78205245,25.56707318,6.04367200,86.15000000,28.42908780
Field_46,2023-03-17,19.01429118,74.58043055,0.20629583,0.38006465,-0.38006465,0.30939864,29.54973495,34.76275644,12.37969376,Sorghum,74.40958446,42.69510800,54.40460522,6.29176028,74.10797487,40.17629986
Field_46,2023-01-04,19.01429118,74.58043055,0.17583241,0.33117120,-0.33117120,0.26371183,32.35756757,19.28097884,5.02563448,Sorghum,81.41193814,55.99680468,32.32602899,6.05448052,85.04973630,27.68836661
Field_46,2023-04-16,19.01429118,74.58043055,0.16397182,0.30439055,-0.30439055,0.24592135,33.84623526,35.81611210,4.98329948,Sorghum,87.68808560,50.76503247,30.75677603,6.57667432,86.15000000,27.64663584
Field_46,2023-01-05,19.01429118,74.58043055,-0.03589337,-0.07563597,0.07563597,-0.05383851,55.29324860,19.20324707,4.09050144,Sorghum,84.75755524,51.69892946,44.46440648,5.86455354,68.49663259,32.59173221
Field_46,2023-05-16,19.01429118,74.58043055,0.14749281,0.29346358,-0.29346358,0.22120892,34.57251228,33.21354086,11.91306802,Sorghum,51.75008494,51.30965547,18.96000000,6.23888181,72.71331940,39.00783826
Field_46,2023-05-31,19.01429118,74.58043055,0.13768049,0.28006477,-0.28006477,0.20648911,35.35692584,25.17391631,4.80549249,Sorghum,54.40119939,56.04286943,40.88199997,6.49904356,70.24606597,27.01024158
Field_46,2023-06-15,19.01429118,74.58043055,0.13819248,0.27041507,-0.27041507,0.20725790,35.84445311,37.18740332,4.83277505,Sorghum,75.88824695,60.90468177,34.00498526,6.50898494,83.55051232,27.18759736
Field_46,2023-09-28,19.01429118,74.58043055,0.49673066,0.50467094,-0.50467094,0.74495676,20.22061908,27.05534205,31.05883500,Sorghum,68.73258353,55.60466606,46.58757240,6.23560706,83.17377082,59.80019495
Field_46,2023-10-13,19.01429118,74.58043055,0.46642294,0.49550366,-0.49550366,0.69952203,20.99826924,29.84458025,7.23646207,Sorghum,84.50034673,48.62736957,49.85322818,6.48441779,63.81444031,36.33706892
Field_46,2023-10-28,19.01429118,74.58043055,0.37067504,0.45434855,-0.45434855,0.55592611,24.07769025,37.20187357,2.36793747,Sorghum,76.48672151,29.96000000,32.52843497,5.61335910,76.13195439,33.28028993
Field_46,2023-12-11,19.01429118,74.58043055,0.35260636,0.49585093,-0.49585093,0.52882570,22.14293054,19.47664058,12.84537872,Sorghum,73.57695187,52.04242332,40.65224960,6.18881280,74.29718898,44.27634811
Field_46,2023-11-27,19.01429118,74.58043055,0.34394977,0.49329782,-0.49329782,0.51584404,22.36171241,29.57132723,12.77952428,Sorghum,78.30934473,49.27606608,45.36326433,7.30000000,61.72843997,43.94250194
Field_46,2023-12-12,19.01429118,74.58043055,0.39750126,0.48594842,-0.48594842,0.59614502,22.19009014,17.69154148,6.64283134,Sorghum,86.65452243,66.70147183,45.80301374,5.81637563,72.39130140,33.82278996
Field_46,2023-12-27,19.01429118,74.58043055,0.39323742,0.50532438,-0.50532438,0.58975012,21.24421489,15.69836970,6.55910213,Sorghum,86.57804412,46.49764267,44.93663261,5.45047354,76.83439928,33.35331878
Field_47,2023-01-01,13.64312739,77.79962420,0.33642627,0.36433582,-0.36433582,0.50460307,29.02391204,19.32245073,6.38317670,Sorghum,52.45906041,44.00658457,28.45905207,6.36051470,84.30106390,33.36375148
Field_47,2023-01-16,13.64312739,77.79962420,0.29517544,0.34905092,-0.34905092,0.44277305,30.22571563,26.48467346,6.05108217,Sorghum,87.45398240,54.37484409,41.16349519,6.24896744,72.13429616,32.01793411
Field_47,2023-01-31,13.64312739,77.79962420,0.26239499,0.32731219,-0.32731219,0.39361633,31.67057246,23.63405409,12.83879328,Sorghum,98.95000000,49.95521332,42.94934841,6.08854688,67.65926152,43.42086731
Field_47,2023-02-15,13.64312739,77.79962420,0.21703706,0.30971316,-0.30971316,0.32559597,33.03249093,17.58651676,5.44522133,Sorghum,70.75282228,75.91150594,44.87996839,6.36501987,74.79613655,29.60798208
Field_47,2023-02-03,13.64312739,77.79962420,0.20542343,0.30691151,-0.30691151,0.30812717,33.29416403,17.70074838,5.34738045,Sorghum,77.74561802,60.00045137,25.37744115,5.74874999,64.57471243,29.21153975
Field_47,2023-03-17,13.64312739,77.79962420,0.16374571,0.27253942,-0.27253942,0.24573921,35.47500232,27.57242676,12.24892566,Sorghum,87.69282437,49.05113309,45.60228145,7.16626197,66.41375552,40.14500178
Field_47,2023-01-04,13.64312739,77.79962420,0.21223245,0.29397108,-0.29397108,0.31834233,33.88541936,24.85232392,5.43863589,Sorghum,73.70872962,50.77354002,43.46462073,5.50360870,65.98698746,29.67057824
Field_47,2023-04-16,13.64312739,77.79962420,0.18919204,0.28735551,-0.28735551,0.28380071,34.45854779,28.51462686,5.24859879,Sorghum,65.93496254,45.60840140,46.17589831,6.72063224,68.60558899,28.88812628
Field_47,2023-01-05,13.64312739,77.79962420,0.13541845,0.25465872,-0.25465872,0.20374356,36.67737179,17.30175550,7.22987663,Sorghum,94.78179465,69.71785197,40.22799561,6.42439356,86.15000000,37.75591513
Field_47,2023-05-16,13.64312739,77.79962420,0.24481650,0.31793680,-0.31793680,0.36721351,32.32884782,37.24818219,5.67383031,Sorghum,97.89888646,58.45117754,22.58528067,5.96326606,72.27032663,30.55735712
Field_47,2023-05-31,13.64312739,77.79962420,0.24713076,0.31840680,-0.31840680,0.37067877,32.28121227,32.06223086,5.69358664,Sorghum,53.41244231,37.43687495,43.13983137,6.80210355,64.05546008,30.64081866
Field_47,2023-06-15,13.64312739,77.79962420,0.16635361,0.22939491,-0.22939491,0.24951593,37.65151572,38.83113611,5.18086280,Sorghum,79.27050800,41.19187577,30.48720992,7.23501392,59.54680824,28.90899166
Field_47,2023-08-14,13.64312739,77.79962420,0.31028769,0.34138155,-0.34138155,0.46537778,30.46300730,44.39079928,1.30485867,Sorghum,75.49468168,41.83246331,54.80605607,6.36400015,58.06193634,43.14961729
Field_47,2023-09-28,13.64312739,77.79962420,0.40868262,0.36901755,-0.36901755,0.61296098,28.04689739,29.64808653,13.81437975,Sorghum,73.11366058,51.02326403,41.21308568,5.95208665,62.16722433,48.96062717
Field_47,2023-10-13,13.64312739,77.79962420,0.44167516,0.42853248,-0.42853248,0.66245916,24.67085655,28.91960615,7.17342997,Sorghum,75.22274733,56.64934740,42.94128686,6.32035746,84.05214027,36.42053046
Field_47,2023-10-28,13.64312739,77.79962420,0.38331773,0.41413127,-0.41413127,0.57492135,26.00224227,34.70964428,13.82096520,Sorghum,58.32844647,44.19115475,37.85955044,5.84750209,70.50451399,47.28096363
Field_47,2023-12-12,13.64312739,77.79962420,0.37744613,0.38820418,-0.38820418,0.56609571,27.38615859,19.07744142,6.69363334,Sorghum,60.45180349,45.22405401,35.82973621,6.15702949,67.13513492,34.57394384
Field_47,2023-12-27,13.64312739,77.79962420,0.24469775,0.25257593,-0.25257593,0.36692005,35.66767261,19.02723926,5.82623630,Sorghum,91.78880928,45.94899180,46.03231533,6.74737192,74.59068905,31.57976101
Field_48,2023-01-01,23.33313708,77.20419754,0.74646371,0.68408172,-0.68408172,1.11956099,8.50862797,6.18354103,9.29582446,Sorghum,67.46991073,64.15975785,52.56260079,5.62979698,64.14844539,44.19288657
Field_48,2023-01-16,23.33313708,77.20419754,0.73695537,0.70034157,-0.70034157,1.10529818,7.77543645,10.21437632,9.17258258,Sorghum,70.38296046,66.14178436,48.09171494,5.47650796,69.42363057,43.56692501
Field_48,2023-01-31,23.33313708,77.20419754,0.40674734,0.34093939,-0.34093939,0.61006112,29.50045605,8.34142659,14.11072473,Sorghum,75.30432380,63.84277257,23.21180985,6.62476935,81.59681231,49.49269450
Field_48,2023-02-15,23.33313708,77.20419754,0.57644776,0.60009710,-0.60009710,0.86454601,14.53360155,11.98447995,7.97403179,Sorghum,67.86472591,50.93388817,29.78847008,5.69030715,64.19030556,38.94524211
Field_48,2023-02-03,23.33313708,77.20419754,0.37165801,0.48996339,-0.48996339,0.55741584,22.24900188,11.62617834,6.40293303,Sorghum,69.28244979,68.44164193,19.78172946,6.02196949,70.37604391,32.75865530
Field_48,2023-03-17,23.33313708,77.20419754,0.20727125,0.32348130,-0.32348130,0.31086487,32.42916619,19.58090868,12.62805907,Sorghum,91.45483389,53.04149591,43.14624038,6.16904083,83.91334692,41.24043452
Field_48,2023-01-04,23.33313708,77.20419754,0.18549194,0.29222015,-0.29222015,0.27820034,34.24792694,5.68019254,5.20438224,Sorghum,88.21824591,73.39559902,41.80703344,6.13958329,77.39375670,28.66903973
Field_48,2023-04-16,23.33313708,77.20419754,0.15994123,0.25595285,-0.25595285,0.23987591,36.36083963,17.88288632,5.06138403,Sorghum,46.47637863,54.22309432,39.81359497,6.29186738,67.32272564,28.25173202
Field_48,2023-01-05,23.33313708,77.20419754,0.20322686,0.30292989,-0.30292989,0.30479526,33.51991605,11.33388393,11.96669235,Sorghum,74.33781747,48.19404055,32.13682590,6.41791097,70.29172608,41.04221335
Field_48,2023-05-16,23.33313708,77.20419754,0.06329663,0.11446283,-0.11446283,0.09493327,44.57295747,18.88613923,11.46902094,Sorghum,70.52682798,55.02357960,47.47015763,5.82718673,86.15000000,40.88572296
Field_48,2023-05-31,23.33313708,77.20419754,0.18927037,0.29725785,-0.29725785,0.28386648,33.95209095,28.73764905,5.22602012,Sorghum,71.08487741,38.16717367,27.40032160,6.05489493,82.95248663,28.73163589
Field_48,2023-06-15,23.33313708,77.20419754,0.15898156,0.27602409,-0.27602409,0.23844013,35.34571575,27.13416146,5.00493737,Sorghum,70.93235619,50.96448420,47.19883354,6.52553410,76.25464683,27.89702047
Field_48,2023-08-29,23.33313708,77.20419754,0.74911207,0.67186655,-0.67186655,1.12355393,9.10534093,33.14457384,16.17290945,Sorghum,72.57386230,43.05787525,38.92974860,6.49009834,73.05928395,58.66303144
Field_48,2023-09-13,23.33313708,77.20419754,0.74911207,0.67186655,-0.67186655,1.12355393,9.10534093,19.88977293,16.82580917,Sorghum,89.24917681,53.38891126,57.70128889,6.14609467,71.09455489,59.02817569
Field_48,2023-09-28,23.33313708,77.20419754,0.45116128,0.48140510,-0.48140510,0.67664626,21.87406858,29.99409164,7.13391730,Sorghum,52.37193827,55.03152218,38.34240938,6.57481747,63.10732762,35.96149198
Field_48,2023-10-13,23.33313708,77.20419754,0.32113227,0.38418367,-0.38418367,0.48162563,28.16658983,21.05220321,6.19972505,Sorghum,92.41148472,74.77053892,43.45445931,6.02631189,73.88962923,32.46653990
Field_48,2023-10-28,23.33313708,77.20419754,0.31869334,0.39827589,-0.39827589,0.47795766,27.47188787,21.37473557,6.14515994,Sorghum,98.09309024,59.63701101,52.71528392,5.99142414,76.17265003,32.15355912
Field_48,2023-12-11,23.33313708,77.20419754,0.36519760,0.43102205,-0.43102205,0.54769219,25.32478361,6.38138483,13.72030198,Sorghum,61.89949374,60.04457956,51.06300639,6.26364070,62.36153747,46.25855974
Field_48,2023-11-27,23.33313708,77.20419754,0.51140605,0.51721906,-0.51721906,0.76697969,19.42997933,21.37389753,14.26407149,Sorghum,80.29090880,43.86003311,29.28883233,6.25701596,68.96544663,50.84894456
Field_48,2023-12-12,23.33313708,77.20419754,0.71494710,0.63428347,-0.63428347,1.07226873,11.37341953,12.61164317,9.13118836,Sorghum,69.30579318,51.32923373,47.47221462,5.44348468,68.52935219,43.75471348
Field_48,2023-12-27,23.33313708,77.20419754,0.70818502,0.64414990,-0.64414990,1.06214131,10.93865687,9.89737055,9.04745914,Sorghum,92.76025171,59.43144893,39.23676102,6.40482633,74.84936983,43.33740576
Field_49,2023-01-01,17.52394033,78.37062498,0.15964960,0.16985426,-0.16985426,0.23944084,40.76038855,19.49473008,5.26082890,Turmeric,91.82987590,55.42069250,31.67598158,6.74533673,69.45953267,29.58711669
Field_49,2023-01-16,17.52394033,78.37062498,0.23657997,0.30138109,-0.30138109,0.35481012,33.25837349,19.44384061,12.62147363,Turmeric,67.94738019,35.66388432,31.20464400,6.22960819,61.98943885,42.71144420
Field_49,2023-01-31,17.52394033,78.37062498,0.22159835,0.31248702,-0.31248702,0.33234355,32.84426166,22.16703155,5.47908933,Turmeric,70.80534814,53.69948607,28.69702257,6.51859239,66.07222396,29.74360709
Field_49,2023-02-15,17.52394033,78.37062498,0.19285792,0.27767358,-0.27767358,0.28924356,34.91551036,22.30905706,5.30410467,Turmeric,65.06330931,62.50033977,51.06955907,6.56722700,60.63264219,29.18024168
Field_49,2023-02-03,17.52394033,78.37062498,0.18876762,0.28942911,-0.28942911,0.28311072,34.35699531,18.93907693,5.24013179,Turmeric,70.67064358,58.47554524,18.96000000,5.73819696,82.05786162,28.83596281
Field_49,2023-03-17,17.52394033,78.37062498,0.19479305,0.29551360,-0.29551360,0.29214809,33.98475788,28.99720228,18.74875879,Turmeric,61.58430442,55.76818121,41.42815529,7.07704386,73.46616163,44.58932890
Field_49,2023-01-04,17.52394033,78.37062498,0.27756911,0.33642942,-0.33642942,0.41629632,31.05003570,21.55758305,5.92313640,Turmeric,58.72697491,43.14159608,45.39294941,5.77582953,77.36898643,31.52759755
Field_49,2023-04-16,17.52394033,78.37062498,0.30078832,0.36895063,-0.36895063,0.45112093,29.15222545,26.76157286,6.05390450,Turmeric,67.03638980,49.77895628,33.10506231,6.53063994,71.76260218,31.91360718
Field_49,2023-01-05,17.52394033,78.37062498,0.27148369,0.33924842,-0.33924842,0.40716820,30.96823489,19.00989867,12.67039407,Turmeric,67.72383763,68.80847735,18.96000000,6.21844003,84.81359556,43.49389616
Field_49,2023-05-16,17.52394033,78.37062498,0.33344907,0.35068087,-0.35068087,0.50011479,29.75159945,22.07353051,6.38882136,Turmeric,83.10140436,40.62727151,51.52993092,6.71660797,73.07788688,33.46807840
Field_49,2023-05-31,17.52394033,78.37062498,0.32571040,0.35338975,-0.35338975,0.48850759,29.69230594,39.46933337,6.31355915,Turmeric,67.47978157,66.64906280,45.50043623,6.93223098,64.59371946,33.12379954
Field_49,2023-06-15,17.52394033,78.37062498,0.26930421,0.28511147,-0.28511147,0.40390989,33.75496297,36.98345553,5.97017529,Turmeric,81.45028981,39.80111332,48.12377305,6.44416145,79.74087636,32.01793411
Field_49,2023-09-28,17.52394033,78.37062498,0.45195287,0.43467975,-0.43467975,0.67784146,24.25198525,24.52391248,16.17290945,Turmeric,72.91154600,35.26512036,33.39749678,6.16617297,58.99593210,50.91154071
Field_49,2023-10-13,17.52394033,78.37062498,0.39494072,0.38941271,-0.38941271,0.59233313,27.14577580,20.98404257,6.84698010,Turmeric,71.54506544,40.22991661,51.65688228,6.61328461,66.59168118,35.23120348
Field_49,2023-10-28,17.52394033,78.37062498,0.38460139,0.40728178,-0.40728178,0.57681749,26.33889726,30.05768777,6.71338967,Turmeric,64.52930700,45.60418185,40.07575634,7.12637799,81.42648738,34.55307845
Field_49,2023-12-12,17.52394033,78.37062498,0.27984955,0.30301439,-0.30301439,0.41970679,32.73306334,23.76775203,6.02191806,Turmeric,68.16115118,49.69115584,43.01242229,6.25086555,75.99722301,32.14312642
Field_50,2023-01-16,10.71853964,79.99353090,-0.09440524,-0.34864276,0.34864276,-0.14138319,69.83174242,22.31543856,6.70115956,Turmeric,72.72275068,47.00567846,22.06307925,6.05805262,67.70618314,46.94711746
Field_50,2023-02-15,10.71853964,79.99353090,-0.05741090,-0.21895881,0.21895881,-0.08596745,62.83169446,19.00867283,6.70115956,Turmeric,82.09054518,45.49352819,55.76312406,6.08740606,62.64329517,45.34048278
Field_50,2023-02-03,10.71853964,79.99353090,-0.07516854,-0.21554784,0.21554784,-0.11263521,62.83887218,20.32691292,6.70115956,Turmeric,49.14273421,72.71545689,31.87603845,6.31662518,86.15000000,45.34048278
Field_50,2023-01-04,10.71853964,79.99353090,-0.04486247,-0.13215629,0.13215629,-0.06724796,58.27102314,17.13160511,6.70115956,Turmeric,91.32705260,56.36658993,37.44629344,6.83013541,81.29136219,43.94250194
Field_50,2023-04-16,10.71853964,79.99353090,0.00238057,-0.00994295,0.00994295,0.00356856,51.54778870,35.10036638,6.70115956,Turmeric,69.58125062,41.49362039,31.27586915,6.11005020,67.41853905,41.87682878
Field_50,2023-05-16,10.71853964,79.99353090,-0.07687593,-0.21168147,0.21168147,-0.11525576,62.65887601,37.32978784,6.70115956,Turmeric,92.26531539,63.73978511,25.52568261,6.63759533,65.15378158,45.28831931
Field_50,2023-05-31,10.71853964,79.99353090,-0.07687593,-0.21168147,0.21168147,-0.11525576,62.65887601,31.99662756,6.70115956,Turmeric,81.81580710,75.05033197,18.96000000,6.09954339,74.18524268,45.28831931
Field_50,2023-06-15,10.71853964,79.99353090,-0.04792000,-0.17411197,0.17411197,-0.07182750,60.44468972,43.13990665,6.70115956,Turmeric,54.32553463,34.88456653,35.09825597,6.66195723,70.95494818,44.61019428
Field_50,2023-06-30,10.71853964,79.99353090,-0.04859401,-0.22382347,0.22382347,-0.07281323,62.99005990,36.19808030,6.70115956,Turmeric,85.05596142,53.06689640,42.11957813,6.44660252,71.94547967,45.38221355
Field_50,2023-07-30,10.71853964,79.99353090,-0.00308936,-0.05041612,0.05041612,-0.00463252,53.67038924,37.98303444,6.70115956,Turmeric,89.35952809,37.27508868,42.95844332,6.66912764,66.37857377,42.53408842
Field_50,2023-08-14,10.71853964,79.99353090,-0.15939938,-0.30473710,0.30473710,-0.23878621,68.25350445,36.00908894,6.70115956,Turmeric,74.11167598,49.46432457,31.39637841,6.15081284,68.01971852,46.94711746
Field_50,2023-08-29,10.71853964,79.99353090,-0.15939938,-0.30473710,0.30473710,-0.23878621,68.25350445,36.55552508,6.70115956,Turmeric,94.23898541,45.73736503,29.14292671,7.30000000,68.47841044,46.94711746
Field_50,2023-09-28,10.71853964,79.99353090,-0.06941634,-0.11313763,0.11313763,-0.10403484,57.55061280,24.96448590,6.70115956,Turmeric,69.57662996,35.26748826,52.21912015,6.02452396,84.41383620,43.72341540
Field_51,2023-01-01,15.59567111,77.84316539,0.44601690,0.49091442,-0.49091442,0.66892518,21.44102033,21.79259296,7.06524053,Turmeric,98.95000000,55.51189967,27.03813115,6.28048409,78.19490609,35.61721311
Field_51,2023-01-16,15.59567111,77.84316539,0.40726901,0.46945382,-0.46945382,0.61081664,22.93261976,18.59692038,14.23584816,Turmeric,62.88714260,42.54761883,39.23140740,5.80148277,64.34858063,47.56264634
Field_51,2023-01-31,15.59567111,77.84316539,0.39658982,0.44408193,-0.44408193,0.59480100,24.33728460,17.38342556,13.43618712,Turmeric,58.38826216,55.20927142,45.48518480,5.96068816,65.27570824,47.10360785
Field_51,2023-02-15,15.59567111,77.84316539,0.37391721,0.43650022,-0.43650022,0.56080076,24.95599237,17.07236236,6.54875357,Turmeric,82.98236257,74.63914203,34.01225341,5.88575806,73.06334403,33.68716495
Field_51,2023-02-03,15.59567111,77.84316539,0.34108872,0.40759695,-0.40759695,0.51156621,26.76719258,21.75567450,6.32296692,Turmeric,65.01351357,45.99124562,41.13896700,6.24934266,65.51193405,32.87341492
Field_51,2023-03-17,15.59567111,77.84316539,0.34549146,0.42486199,-0.42486199,0.51815751,25.84059986,38.75059379,5.44804366,Turmeric,72.28644211,39.78791443,50.02300485,6.61747102,77.01200006,43.20178076
Field_51,2023-01-04,15.59567111,77.84316539,0.27414531,0.37661620,-0.37661620,0.41116422,29.03289000,19.00627769,5.79801297,Turmeric,66.46797082,68.61301735,46.71660955,6.49519114,72.83921917,30.76601098
Field_51,2023-04-16,15.59567111,77.84316539,0.23954717,0.37669229,-0.37669229,0.35927408,29.38235091,38.26046071,5.48849710,Turmeric,69.25262377,43.12264213,45.12210475,6.85911558,62.18862053,29.43062630
Field_51,2023-01-05,15.59567111,77.84316539,0.17446418,0.26761896,-0.26761896,0.26166528,35.61679633,20.51024590,11.75407659,Turmeric,71.10740642,46.21813280,28.17130969,5.98007600,68.10286495,40.36408832
Field_51,2023-05-16,15.59567111,77.84316539,0.20271242,0.30207335,-0.30207335,0.30402790,33.56890857,31.53173107,5.33515034,Turmeric,58.37887340,41.83124426,53.25175435,6.57880233,69.72086832,29.18024168
Field_51,2023-05-31,15.59567111,77.84316539,0.19658433,0.30731851,-0.30731851,0.29482857,33.36365344,31.85560003,5.26741434,Turmeric,98.95000000,58.23971309,25.55962920,6.47701145,73.22354821,28.85682820
Field_51,2023-06-15,15.59567111,77.84316539,0.16981841,0.26966507,-0.26966507,0.25469162,35.55975929,36.24067427,5.11688991,Turmeric,60.44696671,52.63281878,46.50461010,6.43950687,71.48895855,28.41865510
Field_51,2023-07-30,15.59567111,77.84316539,0.39294301,0.43815004,-0.43815004,0.58932430,24.67743680,44.17420321,13.99500907,Turmeric,75.76670187,29.96000000,22.02036302,6.55481485,55.77872788,47.36442517
Field_51,2023-08-14,15.59567111,77.84316539,0.38222306,0.38900610,-0.38900610,0.57326553,27.29642281,39.77256675,13.63845432,Turmeric,72.37524937,40.66121976,31.88773432,6.53041721,79.50534208,47.53134826
Field_51,2023-08-29,15.59567111,77.84316539,0.43116922,0.43020225,-0.43020225,0.64668605,24.69288670,38.75655655,13.98371974,Turmeric,77.49379997,45.87017852,39.57926431,6.51513464,69.81855058,48.96062717
Field_51,2023-09-28,15.59567111,77.84316539,0.53934952,0.53590871,-0.53590871,0.80892284,18.19022109,32.52024718,15.16157342,Turmeric,74.27034694,51.84641510,50.77818378,5.86452442,58.75078499,52.14259846
Field_51,2023-10-13,15.59567111,77.84316539,0.56084634,0.58443667,-0.58443667,0.84116111,15.49262686,38.64884103,7.87148702,Turmeric,65.39062527,36.60072091,38.80710035,7.30000000,58.45939232,38.58009786
Field_51,2023-10-28,15.59567111,77.84316539,0.49741288,0.52635010,-0.52635010,0.74601998,19.10661892,22.67931759,14.45599014,Turmeric,85.15340055,45.35626627,32.83905195,6.05538852,65.85333776,50.27514646
Field_51,2023-12-12,15.59567111,77.84316539,0.31037987,0.33190029,-0.33190029,0.46544139,30.94622066,22.78260675,6.22700760,Turmeric,82.64618878,33.11006395,64.70160326,6.82327231,79.27308918,32.87341492
Field_51,2023-12-27,15.59567111,77.84316539,0.33737179,0.42067267,-0.42067267,0.50598128,26.13745003,18.24084547,6.25899404,Turmeric,71.38779086,50.08133868,23.08542917,6.78570220,64.74979436,32.51870336
Field_52,2023-01-01,9.83701041,76.34175445,0.34616343,0.20578160,-0.20578160,0.51917404,37.02093943,17.66228890,6.84321699,Ginger,68.25058255,70.92945476,21.37786335,5.95667149,83.59322009,36.22230930
Field_52,2023-01-16,9.83701041,76.34175445,0.23723561,0.13225112,-0.13225112,0.35586516,41.88819315,20.95540734,12.89241760,Ginger,65.96410207,65.95393184,40.69827900,6.24206606,71.14950223,45.53870394
Field_52,2023-01-31,9.83701041,76.34175445,0.24031083,0.13307789,-0.13307789,0.36047908,41.81456772,15.80471196,12.81715539,Ginger,85.32160505,55.69905606,52.94096701,6.20180516,71.98821678,45.60130010
Field_52,2023-02-15,9.83701041,76.34175445,0.23913309,0.13177842,-0.13177842,0.35870742,41.89295260,27.63436907,6.06048994,Ginger,91.57421390,59.68730366,29.82862727,6.46783557,86.15000000,33.24899186
Field_52,2023-02-03,9.83701041,76.34175445,0.22593064,0.12191078,-0.12191078,0.33893333,42.53167234,17.82094426,5.96641218,Ginger,90.82169768,68.98721783,18.96000000,6.44346206,82.17503037,32.89428030
Field_52,2023-03-17,9.83701041,76.34175445,0.21979570,0.12906265,-0.12906265,0.32970954,42.22912184,38.41878117,5.89397229,Ginger,86.92229401,37.16681332,35.86508294,6.42316510,68.35883099,32.55000144
Field_52,2023-01-04,9.83701041,76.34175445,0.17188609,0.07788907,-0.07788907,0.25789598,45.33156333,15.26974483,2.79787288,Ginger,79.60158717,52.25147414,45.26424058,5.94117291,80.23611396,31.49629947
Field_52,2023-04-16,9.83701041,76.34175445,0.18873905,0.08271967,-0.08271967,0.28312393,44.91277475,28.89021573,5.72557308,Ginger,97.88262627,45.15116830,54.12185191,6.45468174,63.30923446,32.07009757
Field_52,2023-05-16,9.83701041,76.34175445,0.18898960,0.07598555,-0.07598555,0.28354999,45.25408952,27.60569930,13.22545291,Ginger,74.37407264,51.42786951,36.93826318,6.42015255,72.04486331,44.73538660
Field_52,2023-05-31,9.83701041,76.34175445,0.18898960,0.07598555,-0.07598555,0.28354999,45.25408952,23.83252286,35.64983018,Ginger,98.95000000,47.30255758,51.80820808,5.75760363,73.39993014,57.17115638
Field_52,2023-10-13,9.83701041,76.34175445,0.23369363,0.11734926,-0.11734926,0.35052446,42.68532062,21.75084158,15.54352916,Ginger,81.35818853,45.36933653,24.20994124,6.49174150,71.75484192,47.10360785
Field_52,2023-12-12,9.83701041,76.34175445,0.25344210,0.12095561,-0.12095561,0.38022985,42.29947651,23.72006296,6.21383671,Ginger,83.55729695,56.91071213,38.33970625,5.49787294,83.91317722,33.96884766
Field_52,2023-12-27,9.83701041,76.34175445,0.29884134,0.15278768,-0.15278768,0.44826329,40.21033503,17.11632689,6.54499046,Ginger,88.76482016,76.29718406,23.75204128,5.45696583,70.85023370,35.23120348
Field_53,2023-01-01,26.73461935,93.00656536,0.31599633,0.39750098,-0.39750098,0.47391815,27.53900236,10.19308573,13.16430236,Ginger,81.85275958,78.47741136,28.53031001,6.05578439,86.15000000,44.57889620
Field_53,2023-01-16,26.73461935,93.00656536,0.05421861,0.04404730,-0.04404730,0.08132003,48.26139520,12.34218219,11.27333918,Ginger,73.48538635,73.84790126,36.20885460,6.04972742,64.40908183,41.90812685
Field_53,2023-01-31,26.73461935,93.00656536,-0.01907382,-0.04638135,0.04638135,-0.02860875,53.62760343,6.59022719,4.17234910,Ginger,72.04325742,47.64791582,42.34804258,6.01103534,67.09368079,32.08053027
Field_53,2023-02-15,26.73461935,93.00656536,0.29349618,0.38308463,-0.38308463,0.44017267,28.50495555,6.69949393,13.25461702,Ginger,83.55254883,45.28509306,21.52444778,5.83755858,64.19339159,43.98423272
Field_53,2023-02-03,26.73461935,93.00656536,0.29349659,0.34803761,-0.34803761,0.44017611,30.29460554,5.06538344,6.03791128,Ginger,61.24848540,70.74623627,31.09144646,5.80438588,71.85287292,31.96577065
Field_53,2023-03-17,26.73461935,93.00656536,0.14247286,0.10859196,-0.10859196,0.21368384,44.06413312,29.96537627,12.75224173,Ginger,96.96936066,43.01532525,38.77848494,6.04842542,76.56427282,42.16894417
Field_53,2023-01-04,26.73461935,93.00656536,0.18451843,0.17382416,-0.17382416,0.27674298,40.30368602,8.53558830,12.53680363,Ginger,75.16508090,66.07112211,37.97822802,5.93045812,86.15000000,42.64884804
Field_53,2023-04-16,26.73461935,93.00656536,0.20246351,0.18865399,-0.18865399,0.30365536,39.36313873,18.31728369,12.97426526,Ginger,92.46360014,65.88063296,41.83987145,5.80514117,62.04340134,43.35827115
Field_53,2023-01-05,26.73461935,93.00656536,0.35528688,0.38044826,-0.38044826,0.53284761,28.00851954,11.31676515,7.21482418,Ginger,86.96655996,48.41556862,43.10349810,5.61669394,77.41856143,44.27634811
Field_53,2023-05-16,26.73461935,93.00656536,0.31094396,0.35710675,-0.35710675,0.46635107,29.65330761,20.73287685,8.48487408,Ginger,84.72788679,57.12667212,42.60134778,6.41876105,69.51934463,42.93053075
Field_53,2023-05-31,26.73461935,93.00656536,0.30184047,0.31944740,-0.31944740,0.45269042,31.66933147,22.37402762,12.99308082,Ginger,82.29400389,38.86302483,31.97722465,6.69917384,73.16314660,45.15269431
Field_53,2023-06-15,26.73461935,93.00656536,0.27765060,0.28689581,-0.28689581,0.41643128,33.57860631,28.54663687,93.36748287,Ginger,61.07649258,65.76242849,35.89255830,5.97306924,61.68993177,89.29341741
Field_53,2023-08-29,26.73461935,93.00656536,0.46518300,0.37899866,-0.37899866,0.69763701,26.96018726,33.05288290,14.28288705,Ginger,78.36189613,33.64240782,39.39099191,6.29953253,73.87338783,51.24538688
Field_53,2023-09-13,26.73461935,93.00656536,0.55203214,0.45700184,-0.45700184,0.82788366,22.09002444,12.09825560,8.09256978,Ginger,98.95000000,60.58474379,34.35682029,6.83257858,77.25793235,40.23889601
Field_53,2023-09-28,26.73461935,93.00656536,0.70986822,0.59467589,-0.59467589,1.06459328,13.44782561,21.06177683,9.17916802,Ginger,64.34434624,53.00854175,52.17231726,6.28089530,64.21220347,44.17202119
Field_53,2023-10-13,26.73461935,93.00656536,0.68643575,0.58464012,-0.58464012,1.02948262,14.19960925,26.35621439,16.14844923,Ginger,87.33692313,46.00042341,37.72580778,6.83080126,63.15716764,57.59889678
Field_53,2023-10-28,26.73461935,93.00656536,0.67392967,0.58072555,-0.58072555,1.01071828,14.52722692,11.40108879,8.89129005,Ginger,72.90543624,66.87475806,25.77514865,6.33882855,79.84237850,43.00355960
Field_53,2023-12-11,26.73461935,93.00656536,0.58138101,0.55403321,-0.55403321,0.87192821,16.83544249,6.88243656,8.12643777,Ginger,86.24592701,53.97031865,39.94738590,5.44812910,62.93455733,39.85288638
Field_53,2023-11-27,26.73461935,93.00656536,0.24119454,0.28641903,-0.28641903,0.36172785,33.97527373,19.55596314,5.71522453,Ginger,67.22408147,41.67888395,53.03399939,6.64881449,81.65015757,30.91206868
Field_53,2023-12-12,26.73461935,93.00656536,0.34919019,0.44460893,-0.44460893,0.52368694,24.79445978,6.82267297,13.11255959,Ginger,68.90225718,49.50400171,25.05590634,5.72116144,82.54308849,45.09009815
Field_53,2023-12-27,26.73461935,93.00656536,0.33055555,0.43884788,-0.43884788,0.49575362,25.27895765,14.12459632,2.82609621,Ginger,87.08194509,68.80938275,48.98508299,5.73489798,77.02743057,31.97620334
Field_54,2023-01-01,25.51378547,91.37575408,0.47343230,0.56199577,-0.56199577,0.70999263,17.53130590,7.16268040,7.14332508,Ginger,73.78559483,63.32460537,34.39343128,5.89423980,69.00373485,35.56504965
Field_54,2023-01-16,25.51378547,91.37575408,0.46262786,0.55833886,-0.55833886,0.69378765,17.82838790,10.60199175,13.77298553,Ginger,59.64214493,43.23770888,52.31258991,6.43219709,69.23126284,48.05298290
Field_54,2023-01-31,25.51378547,91.37575408,0.40857762,0.54133492,-0.54133492,0.61272521,19.24869188,10.12808215,6.61178568,Ginger,63.55190278,60.46509532,30.57561813,6.47911582,60.43000130,33.38461686
Field_54,2023-02-15,25.51378547,91.37575408,-0.02806829,-0.05870908,0.05870908,-0.04210156,54.34897092,11.70460965,11.30814796,Ginger,53.22663825,68.92054753,56.29548875,5.74954555,73.23906241,43.78601155
Field_54,2023-02-03,25.51378547,91.37575408,0.36868113,0.49856225,-0.49856225,0.55290342,21.84030898,12.79287178,6.35589414,Ginger,88.72386592,52.34917757,39.50861580,5.83483041,69.67016646,32.50827067
Field_54,2023-03-17,25.51378547,91.37575408,0.20683856,0.26006242,-0.26006242,0.31017619,35.67203054,24.44407246,20.38665277,Ginger,73.49970482,61.64032193,41.74272369,6.43848105,68.11578180,46.51937706
Field_54,2023-01-04,25.51378547,91.37575408,0.45622738,0.49719712,-0.49719712,0.68421467,21.01591970,6.31986943,13.78897875,Ginger,78.49455166,60.03292063,18.96000000,5.73848342,57.44740693,48.77283870
Field_54,2023-04-16,25.51378547,91.37575408,0.47090023,0.51019883,-0.51019883,0.70622328,20.20214360,27.65287311,14.55100869,Ginger,84.01631502,45.43289778,39.35899377,6.04730024,81.56390230,49.55529065
Field_54,2023-05-16,25.51378547,91.37575408,0.59462985,0.54898200,-0.54898200,0.89179926,16.95807079,26.93771501,55.47201632,Ginger,66.78662438,61.53227523,57.21009878,5.75957921,80.94106136,65.98678177
Field_54,2023-05-31,25.51378547,91.37575408,0.65576400,0.58471018,-0.58471018,0.98350375,14.50927802,16.09352994,8.71912773,Ginger,74.31429351,49.64081120,40.42037380,6.48626557,68.56910677,42.24197302
Field_54,2023-09-28,25.51378547,91.37575408,0.74119393,0.62064078,-0.62064078,1.11147452,11.80201934,21.50529248,10.41629070,Ginger,96.07033741,60.26819343,36.34628106,6.40364040,67.98768962,45.53870394
Field_54,2023-10-13,25.51378547,91.37575408,0.72567708,0.65277436,-0.65277436,1.08832737,10.31960987,17.70798128,9.18387191,Ginger,64.08586627,47.58316755,34.96227684,5.80861872,74.39106106,43.87990579
Field_54,2023-10-28,25.51378547,91.37575408,0.69625901,0.65150079,-0.65150079,1.04419909,10.68508737,15.48709537,8.92421726,Ginger,80.35440243,62.81410351,40.27421664,6.19569934,76.67867725,42.76360766
Field_54,2023-12-11,25.51378547,91.37575408,0.64538615,0.62156299,-0.62156299,0.96789649,12.73340023,10.10206206,8.53943919,Ginger,94.21944791,66.86594090,18.96000000,6.04099847,73.52388206,41.27173260
Field_54,2023-12-12,25.51378547,91.37575408,0.22569644,0.22963463,-0.22963463,0.33847874,37.03321363,12.52267470,12.95639049,Ginger,64.93391446,73.14979830,41.35723348,6.13787164,86.15000000,43.59822308
Field_54,2023-12-27,25.51378547,91.37575408,0.35102831,0.38466499,-0.38466499,0.52643998,27.83668731,9.18346268,6.46596513,Ginger,82.02126677,68.16945894,29.59161247,6.32611899,66.64839271,33.61413610
Field_55,2023-01-01,9.85637339,76.29572042,0.38624132,0.27459641,-0.27459641,0.57926692,33.09764384,21.23498435,7.03983953,Black Pepper,90.00967230,51.01012226,45.70137347,6.13626554,62.21294956,36.69178047
Field_55,2023-01-16,9.85637339,76.29572042,0.20806034,0.07709964,-0.07709964,0.31209308,45.00243177,23.83687390,13.24426846,Black Pepper,98.95000000,58.68932766,35.08332275,5.48339425,81.17870374,45.46567509
Field_55,2023-01-31,9.85637339,76.29572042,0.36651753,0.26058231,-0.26058231,0.54968947,34.01470174,17.94442018,14.16152672,Black Pepper,66.04962681,37.26740409,42.03809947,6.59795952,71.33342864,49.22144449
Field_55,2023-02-15,9.85637339,76.29572042,0.28940442,0.19661159,-0.19661159,0.43404159,38.06887255,18.68735375,6.35777570,Black Pepper,97.86279777,58.67939541,41.25866618,5.80395131,58.72367527,34.17750151
Field_55,2023-02-03,9.85637339,76.29572042,0.30471528,0.22438124,-0.22438124,0.45700411,36.49446486,15.78973285,13.74758453,Black Pepper,76.11482541,56.60482977,26.35076167,5.29441420,61.17179375,47.17663670
Field_55,2023-03-17,9.85637339,76.29572042,0.47196501,0.50114183,-0.50114183,0.70841008,20.65375909,37.96503489,14.05710040,Black Pepper,60.15457681,44.60463802,56.52837520,7.05604076,65.25359548,49.47182911
Field_55,2023-01-04,9.85637339,76.29572042,0.05138172,-0.03711972,0.03711972,0.07728865,52.43511082,16.48498590,4.78009149,Black Pepper,74.04821422,44.28655874,33.69918921,6.16896513,68.62005919,31.71538602
Field_55,2023-04-16,9.85637339,76.29572042,0.27246147,0.19373719,-0.19373719,0.40863927,38.38868839,35.11908815,6.21289593,Black Pepper,74.83854678,50.10398063,40.14187343,6.53234762,71.58933849,33.57240533
Field_55,2023-01-05,9.85637339,76.29572042,0.38582624,0.34300669,-0.34300669,0.57864114,29.60855521,17.42958880,20.77801629,Black Pepper,92.09031409,59.83025551,47.67786151,6.07097321,68.57466730,52.34081962
Field_55,2023-05-16,9.85637339,76.29572042,0.27799947,0.18142813,-0.18142813,0.41716601,38.96068346,33.56350798,13.19252569,Black Pepper,65.59332906,50.31735479,18.96000000,6.88267854,71.13838329,46.50894437
Field_55,2023-05-31,9.85637339,76.29572042,0.27799947,0.18142813,-0.18142813,0.41716601,38.96068346,28.27474187,45.91089255,Black Pepper,80.63032854,35.82693839,29.16179274,6.80035790,71.03226910,64.65139709
Field_55,2023-06-30,9.85637339,76.29572042,0.38840147,0.28538379,-0.28538379,0.58253273,32.52473151,36.99516623,14.19445394,Black Pepper,75.27877510,41.84227571,45.64360514,6.28805900,76.17267145,49.69091566
Field_55,2023-07-30,9.85637339,76.29572042,0.39677907,0.32799706,-0.32799706,0.59507294,30.26315243,35.21697941,7.00785309,Black Pepper,85.70479861,50.27368611,31.78758519,6.76306515,71.69106620,36.26404007
Field_55,2023-08-14,9.85637339,76.29572042,0.40472262,0.34344560,-0.34344560,0.60698827,29.39315607,40.12560801,6.39822914,Black Pepper,56.30590031,51.39536937,36.36724559,7.30000000,58.72244125,46.75932899
Field_55,2023-10-13,9.85637339,76.29572042,0.37883589,0.28384055,-0.28384055,0.56817947,32.70122839,33.49539823,15.48802328,Black Pepper,72.50863678,53.67408744,51.75609305,6.73145472,67.31806507,50.06649260
Field_55,2023-12-11,9.85637339,76.29572042,0.30330400,0.24636824,-0.24636824,0.45545108,35.38612573,18.62214389,13.01471871,Black Pepper,84.30712786,30.15009814,33.30352783,5.80731220,66.61048433,46.36288667
Field_55,2023-11-27,9.85637339,76.29572042,0.24101569,0.18167124,-0.18167124,0.36229127,39.32598039,36.03895301,5.95982673,Black Pepper,90.62802160,29.96000000,45.45679819,6.59687926,68.64802193,32.53956875
Field_55,2023-12-12,9.85637339,76.29572042,0.38347235,0.26444722,-0.26444722,0.57516887,33.64418500,17.51546262,7.03889875,Black Pepper,90.35898297,53.90063116,45.37195043,6.43547757,69.43343531,36.74394393
Field_55,2023-12-27,9.85637339,76.29572042,0.36477176,0.25372219,-0.25372219,0.54724315,34.38283874,24.63230912,6.89684132,Black Pepper,78.50874957,52.28226349,38.86377803,6.91973549,79.34449617,36.19101122
Field_56,2023-01-01,12.91028805,77.61189098,0.27022399,0.28561734,-0.28561734,0.40525659,33.71973744,24.51897857,5.97676073,Black Pepper,72.21816712,46.56324504,46.61074540,6.62740715,64.12317621,32.03879949
Field_56,2023-01-16,12.91028805,77.61189098,0.27153256,0.28699686,-0.28699686,0.40722015,33.63592866,23.69226866,5.98522773,Black Pepper,71.20232028,61.13586024,29.82579139,6.04281004,74.32843178,32.07009757
Field_56,2023-01-31,12.91028805,77.61189098,0.25419458,0.27633256,-0.27633256,0.38122487,34.35756503,23.59649860,13.23109758,Black Pepper,60.40838897,34.75777005,40.59966411,6.33350358,73.77114716,44.11985772
Field_56,2023-02-15,12.91028805,77.61189098,0.24252320,0.27599842,-0.27599842,0.36372911,34.49382618,24.74818418,5.75191486,Black Pepper,88.72266058,52.31728643,34.06375371,6.11780649,62.42752128,31.12072253
Field_56,2023-02-03,12.91028805,77.61189098,0.22968664,0.27124906,-0.27124906,0.34473035,34.86744753,22.86381543,5.64842931,Black Pepper,82.60480102,46.25242422,38.12045261,6.47467340,68.09934641,30.70341482
Field_56,2023-03-17,12.91028805,77.61189098,0.24733518,0.27259861,-0.27259861,0.37097605,34.61829093,29.67596281,12.74753784,Black Pepper,70.07363700,68.31943116,21.54833237,5.61190373,85.70873050,43.65038655
Field_56,2023-01-04,12.91028805,77.61189098,0.20032218,0.22053135,-0.22053135,0.30044803,37.75721092,16.45949365,5.50543110,Black Pepper,81.04737320,51.59419911,55.55296596,5.71545550,68.71411001,30.35913596
Field_56,2023-04-16,12.91028805,77.61189098,0.24655569,0.27909602,-0.27909602,0.36979569,34.29446579,22.94399591,5.78107897,Black Pepper,57.07753978,48.17387053,45.34888940,6.52766907,82.01249347,31.23548215
Field_56,2023-01-05,12.91028805,77.61189098,0.22427628,0.26087683,-0.26087683,0.33637849,35.45235416,21.50207384,15.62161371,Black Pepper,86.15023184,53.83620619,28.27397950,5.37601922,70.34756389,44.53716543
Field_56,2023-05-16,12.91028805,77.61189098,0.25487580,0.27366814,-0.27366814,0.38226425,34.48666501,20.29279491,5.86763052,Black Pepper,74.70582561,48.36731110,19.31400181,5.77451969,80.10599780,31.64235717
Field_56,2023-05-31,12.91028805,77.61189098,0.26916505,0.28416027,-0.28416027,0.40370017,33.80495671,29.29407409,11.41727817,Black Pepper,78.99492180,68.97860000,31.04215013,7.17445942,82.74173676,33.13423224
Field_56,2023-08-14,12.91028805,77.61189098,0.23229284,0.24577665,-0.24577665,0.34840073,36.14156302,39.98363894,2.10357894,Black Pepper,65.94995206,45.38613245,41.46865860,7.30000000,61.82461318,41.63687684
Field_56,2023-10-13,12.91028805,77.61189098,0.25978872,0.28073779,-0.28073779,0.38968328,34.07548239,33.41606453,5.89491307,Black Pepper,84.41875716,29.96000000,45.52719275,6.33470139,55.00120642,31.71538602
Field_56,2023-10-28,12.91028805,77.61189098,0.27404289,0.28602940,-0.28602940,0.41101146,33.65969374,23.84865061,12.88489138,Black Pepper,84.14991475,53.56292012,44.48759321,5.78429984,86.15000000,44.54759813
Field_56,2023-12-11,12.91028805,77.61189098,0.26578966,0.28444500,-0.28444500,0.39861749,33.82488945,21.07376733,13.19158491,Black Pepper,76.08238272,48.63002146,45.10385568,5.85161601,71.73458866,44.42240581
Field_56,2023-11-27,12.91028805,77.61189098,0.26578966,0.28444500,-0.28444500,0.39861749,33.82488945,31.66615894,13.29224813,Black Pepper,75.68080112,41.73257334,44.18449260,7.00479433,74.83252110,44.47456928
Field_57,2023-01-01,11.46317721,76.82314267,0.77118893,0.71938848,-0.71938848,1.15659043,6.45319493,23.01793968,9.43411878,Black Pepper,65.76099060,58.26881808,46.75887646,6.24222015,64.81386497,43.82774232
Field_57,2023-01-16,11.46317721,76.82314267,0.74980784,0.71335335,-0.71335335,1.12453193,6.97973741,22.33981196,15.90384702,Black Pepper,72.52654423,61.31211431,38.34856137,5.63910960,62.13456342,57.90144487
Field_57,2023-01-31,11.46317721,76.82314267,0.74912453,0.71662529,-0.71662529,1.12350539,6.81963687,16.73081440,16.59908174,Black Pepper,76.40655326,71.09179591,30.97959808,5.57810934,71.70565719,58.20399296
Field_57,2023-02-15,11.46317721,76.82314267,0.71873595,0.70408981,-0.70408981,1.07794066,7.77010806,16.68344706,9.00136104,Black Pepper,75.43431666,53.97350596,47.48995992,6.41138506,66.95451337,42.80533843
Field_57,2023-02-03,11.46317721,76.82314267,0.65818069,0.65168276,-0.65168276,0.98712405,11.06468395,17.31265742,8.58365574,Black Pepper,84.69650143,50.73002260,26.91017512,6.30619017,84.42723670,41.29259798
Field_57,2023-03-17,11.46317721,76.82314267,0.62919486,0.63508119,-0.63508119,0.94365498,12.20846161,30.22959625,8.36351376,Black Pepper,59.74078801,46.30137343,20.35779054,6.72020285,80.13579499,40.42668448
Field_57,2023-01-04,11.46317721,76.82314267,0.65846155,0.63011826,-0.63011826,0.98755689,12.16299319,18.72745245,1.50618510,Black Pepper,73.46709570,54.52119834,42.33994220,6.07620080,75.39162933,41.63687684
Field_57,2023-04-16,11.46317721,76.82314267,0.64301395,0.62819636,-0.62819636,0.96438924,12.41889843,32.89575625,8.50274886,Black Pepper,60.32879684,57.87241725,36.93219891,6.14467064,86.15000000,41.07351143
Field_57,2023-08-14,11.46317721,76.82314267,0.68388620,0.63034982,-0.63034982,1.02570068,11.89151010,35.20742999,15.49178639,Black Pepper,75.70403841,48.33669207,29.52906425,6.41815286,67.33117125,56.42000250
Field_57,2023-09-28,11.46317721,76.82314267,0.68657789,0.63885224,-0.63885224,1.02972297,11.42984928,39.87470233,1.31332567,Black Pepper,62.83267162,39.02004561,34.76569040,6.99309246,79.03854595,53.01894465
Field_57,2023-10-13,11.46317721,76.82314267,0.68657789,0.63885224,-0.63885224,1.02972297,11.42984928,32.66003391,16.38646598,Black Pepper,82.56540022,29.96000000,62.05107183,6.23946555,67.59544913,56.88947367
Field_57,2023-12-27,11.46317721,76.82314267,0.79442725,0.72218457,-0.72218457,1.19133267,6.07308462,17.99742149,9.63544521,Black Pepper,83.03225511,32.94386912,44.91129159,6.47278894,84.26492194,43.94250194
Field_58,2023-01-01,9.91324483,76.37425320,0.52054060,0.42787820,-0.42787820,0.78061833,23.89882408,22.05115236,7.87901324,Cardamom,93.90481172,61.54344844,43.03360505,6.40183460,59.08797675,39.47730944
Field_58,2023-01-16,9.91324483,76.37425320,0.64333137,0.59625528,-0.59625528,0.96484683,14.04670765,24.77059425,15.87938680,Cardamom,72.62860055,40.78094624,46.92196368,5.94831160,74.27469840,55.60625246
Field_58,2023-01-31,9.91324483,76.37425320,0.60498136,0.54503775,-0.54503775,0.90733907,17.05376266,24.81592057,15.33373574,Cardamom,73.12304994,74.94774243,39.24923531,5.96349281,78.15310508,54.62557934
Field_58,2023-02-15,9.91324483,76.37425320,0.37735304,0.34298007,-0.34298007,0.56596523,29.69645006,18.59255591,6.79900044,Cardamom,70.05986107,50.52187536,54.39485635,5.98671249,73.56171384,35.28336695
Field_58,2023-02-03,9.91324483,76.37425320,0.55011945,0.52775949,-0.52775949,0.82505383,18.49636395,21.89022017,7.90911813,Cardamom,98.95000000,58.87476834,37.19240824,7.01231420,69.94894396,39.06000173
Field_58,2023-03-17,9.91324483,76.37425320,0.54767851,0.52920306,-0.52920306,0.82139539,18.44757789,25.26256234,7.88371713,Cardamom,96.02989413,59.27541066,46.03468564,6.42173512,78.51865137,38.94524211
Field_58,2023-01-04,9.91324483,76.37425320,0.40968023,0.37389632,-0.37389632,0.61443714,27.78757776,22.89900615,7.01537931,Cardamom,69.73827848,61.93546769,38.63900228,6.92266659,80.47024849,36.04495352
Field_58,2023-04-16,9.91324483,76.37425320,0.12140294,0.09025546,-0.09025546,0.18207781,45.21565952,27.26411353,5.10654136,Cardamom,68.06290267,50.70037434,37.38222940,6.31412098,86.15000000,29.50365515
Field_58,2023-05-16,9.91324483,76.37425320,0.65211553,0.58587760,-0.58587760,0.97804852,14.48692563,38.70722548,15.38830084,Cardamom,54.56021025,45.27590765,40.01905329,6.72908480,75.09226950,55.83577170
Field_58,2023-05-31,9.91324483,76.37425320,0.65211553,0.58587760,-0.58587760,0.97804852,14.48692563,35.24921454,51.17548456,Cardamom,80.25564322,44.61301834,31.14909642,6.98984720,82.05659330,75.67875335
Field_58,2023-10-13,9.91324483,76.37425320,0.43532938,0.36678487,-0.36678487,0.65289219,27.88876776,28.40406022,14.64226413,Cardamom,54.15698432,46.89042781,50.04103032,6.67125339,79.60853826,50.48380031
Field_58,2023-12-12,9.91324483,76.37425320,0.67015742,0.59923116,-0.59923116,1.00508756,13.62077539,20.42656842,8.81320550,Cardamom,86.83142816,56.63757134,25.65019590,6.14610667,75.34915519,42.57581919
Field_58,2023-12-27,9.91324483,76.37425320,0.62725995,0.55879753,-0.55879753,0.94074785,16.12359960,15.97478159,8.52532752,Cardamom,67.92842737,37.97815493,36.30046482,6.30381595,57.33641590,41.55341530
Field_59,2023-01-01,12.95312477,77.64922382,0.50621934,0.48059348,-0.48059348,0.75922326,21.35321263,15.86101389,7.62782559,Cardamom,65.71794221,66.99578981,29.60962992,6.11613630,68.49985115,38.10019399
Field_59,2023-01-16,12.95312477,77.64922382,0.49081744,0.47159292,-0.47159292,0.73612157,21.97011836,17.39643747,7.51116916,Cardamom,63.46486300,46.01608532,64.28619025,6.49409883,70.12530035,37.65158820
Field_59,2023-01-31,12.95312477,77.64922382,0.47843207,0.46366334,-0.46366334,0.71754581,22.50152772,18.27968161,14.41741826,Cardamom,73.69827625,48.55132746,45.62489640,6.58235231,85.33112432,50.50466570
Field_59,2023-02-15,12.95312477,77.64922382,0.46973561,0.46683639,-0.46683639,0.70451041,22.42831365,23.75615444,7.33336217,Cardamom,92.30552306,41.94621163,39.40887753,6.72463006,75.51261978,36.91086702
Field_59,2023-02-03,12.95312477,77.64922382,0.47278237,0.47929374,-0.47929374,0.70908039,21.76107055,18.46871649,7.33148062,Cardamom,76.57831188,51.13867684,35.78813519,6.20823577,56.66390326,36.82740548
Field_59,2023-03-17,12.95312477,77.64922382,0.47397413,0.46672387,-0.46672387,0.71086760,22.39077184,38.98806079,14.48139114,Cardamom,79.61314626,40.49585643,23.61166335,6.48986481,79.46010210,50.31687723
Field_59,2023-01-04,12.95312477,77.64922382,0.23514488,0.21767909,-0.21767909,0.35267899,37.54721988,15.40133480,5.82341397,Cardamom,86.50730255,46.89619300,32.78280049,6.12402040,68.41453683,31.75711679
Field_59,2023-04-16,12.95312477,77.64922382,0.39359806,0.42149861,-0.42149861,0.59031967,25.52104214,30.84660978,6.75948778,Cardamom,60.36036803,56.88711393,25.81006428,6.33095136,71.47090006,34.67827077
Field_59,2023-01-05,12.95312477,77.64922382,0.38921931,0.41760189,-0.41760189,0.58375611,25.76474516,19.35330966,9.29017979,Cardamom,84.66486826,38.48565678,28.52328076,6.28554075,73.39052437,45.00663661
Field_59,2023-05-16,12.95312477,77.64922382,0.45782563,0.41846630,-0.41846630,0.68665884,25.01993672,36.20601831,7.34088840,Cardamom,49.95076082,29.96000000,31.55105009,7.22552446,72.83000673,37.20298242
Field_59,2023-05-31,12.95312477,77.64922382,0.46125987,0.42691249,-0.42691249,0.69179179,24.55356413,29.62492883,11.88766702,Cardamom,67.81691791,45.51270187,43.14466824,6.48018022,64.94524152,38.58009786
Field_59,2023-08-14,12.95312477,77.64922382,0.48717910,0.45513877,-0.45513877,0.73068381,22.84749669,42.53427977,3.05282364,Cardamom,63.54813292,42.48451407,43.77215089,7.09493153,66.86365603,48.19904059
Field_59,2023-10-13,12.95312477,77.64922382,0.45842080,0.42729711,-0.42729711,0.68753512,24.56291867,34.11931726,7.32583595,Cardamom,58.63643854,52.36825783,42.02963193,7.09661159,73.34466600,37.08822280
Field_59,2023-10-28,12.95312477,77.64922382,0.53565650,0.49395874,-0.49395874,0.80338002,20.37008595,25.63223202,15.13617242,Cardamom,59.23118304,56.82525021,31.71902292,6.21370118,65.64419222,52.63293502
Field_59,2023-12-11,12.95312477,77.64922382,0.53974131,0.49983539,-0.49983539,0.80949613,20.02828097,24.10817393,14.96589166,Cardamom,53.09460623,68.15828659,38.41301829,6.41992137,64.56226718,52.61206964
Field_59,2023-11-27,12.95312477,77.64922382,0.53974131,0.49983539,-0.49983539,0.80949613,20.02828097,36.43285679,14.92449744,Cardamom,69.07305919,32.02954995,35.62392771,7.06081663,56.56414265,52.58077156
Field_60,2023-01-01,11.20469719,76.72889814,0.81564194,0.72444785,-0.72444785,1.22326458,5.74084872,18.06389820,9.81889686,Cardamom,83.29941512,60.89359163,50.82730443,6.31112904,69.75989877,44.04682887
Field_60,2023-01-16,11.20469719,76.72889814,0.78486859,0.70200357,-0.70200357,1.17711320,7.20123605,15.64573015,16.50782631,Cardamom,59.74004986,61.23269913,26.49320031,6.29353209,66.83382283,58.30831989
Field_60,2023-01-31,11.20469719,76.72889814,0.77089367,0.69767589,-0.69767589,1.15614415,7.56495063,24.33690476,16.10235112,Cardamom,70.31410754,46.44591715,56.69821196,6.88229808,74.81152082,58.19356027
Field_60,2023-02-15,11.20469719,76.72889814,0.60072818,0.58819663,-0.58819663,0.90093891,14.89331852,19.26850144,8.21863399,Cardamom,98.95000000,45.85128652,34.58159545,5.71230282,72.57654961,40.06154023
Field_60,2023-02-03,11.20469719,76.72889814,0.51246492,0.55595465,-0.55595465,0.76856356,17.44115685,23.41956580,7.50646527,Cardamom,62.41951208,57.27311206,32.82561059,6.53399380,73.60700307,37.16125164
Field_60,2023-03-17,11.20469719,76.72889814,0.42868428,0.49524809,-0.49524809,0.64291398,21.39674021,35.63494499,14.03452173,Cardamom,80.58013127,49.74775077,35.35014623,7.30000000,80.74963412,47.87562712
Field_60,2023-01-04,11.20469719,76.72889814,0.43064777,0.40262396,-0.40262396,0.64581837,26.10648007,19.21821952,2.78093888,Cardamom,96.75330174,63.19521001,45.61416640,5.81565492,80.45131070,36.39966507
Field_60,2023-04-16,11.20469719,76.72889814,0.45859027,0.49619164,-0.49619164,0.68776675,21.04313206,33.56639296,7.16496296,Cardamom,82.17430987,51.55864160,34.93313701,6.63855819,75.53806475,36.01365544
Field_60,2023-08-14,11.20469719,76.72889814,0.63664301,0.56747056,-0.56747056,0.95482209,15.58488858,37.82029003,15.89820236,Cardamom,71.21437194,45.99975906,26.30313825,6.95998459,73.73938217,55.80447362
Field_60,2023-09-28,11.20469719,76.72889814,0.48464389,0.49020285,-0.49020285,0.72683458,21.08286364,38.96258723,14.13424417,Cardamom,78.48999759,54.40373289,29.41544964,6.55149743,84.51268155,50.17081953
Field_60,2023-10-13,11.20469719,76.72889814,0.48464389,0.49020285,-0.49020285,0.72683458,21.08286364,20.88246577,14.73634190,Cardamom,77.84978104,44.02789437,20.70977269,5.89833884,69.00058956,50.50466570
Field_60,2023-12-27,11.20469719,76.72889814,0.72393527,0.61011196,-0.61011196,1.08574602,12.51592776,16.68259785,9.26854190,Cardamom,66.31681808,53.64595081,20.37961116,6.39184539,83.66649572,44.47456928
Field_61,2023-01-01,12.07351623,75.83204700,0.79845323,0.71355643,-0.71355643,1.19742958,6.47255820,17.46655661,9.69095109,Cashew Nut,70.49554843,62.23025140,44.07045971,5.80401857,70.22081029,43.97380002
Field_61,2023-01-16,12.07351623,75.83204700,0.78440463,0.69879774,-0.69879774,1.17637563,7.36967824,15.92672646,16.38458443,Cashew Nut,74.38454104,38.04483817,40.06036996,6.49333102,75.86947268,58.28745450
Field_61,2023-01-31,12.07351623,75.83204700,0.79505666,0.70911820,-0.70911820,1.19235078,6.73388255,18.85854481,16.99514916,Cashew Nut,79.85548505,53.18071671,31.49723601,6.26350707,71.54269912,58.45437759
Field_61,2023-02-15,12.07351623,75.83204700,0.77897419,0.70593744,-0.70593744,1.16825381,7.06055422,19.60704322,9.53478199,Cashew Nut,88.11900343,55.29406015,28.34631931,5.73241272,83.80558645,43.96336733
Field_61,2023-02-03,12.07351623,75.83204700,0.80530139,0.71947669,-0.71947669,1.20775209,6.10030471,19.43222532,9.73893075,Cashew Nut,67.78910907,54.68630612,39.61697650,6.47187925,84.64119257,44.00509810
Field_61,2023-03-17,12.07351623,75.83204700,0.69955954,0.61572319,-0.61572319,1.04919063,12.47834008,30.46766953,15.86527514,Cashew Nut,71.18059893,41.22983775,58.67004831,6.27023937,57.20001483,57.46327177
Field_61,2023-01-04,12.07351623,75.83204700,0.62659651,0.55853556,-0.55853556,0.93978105,16.14375272,18.72089320,8.51968285,Cashew Nut,74.58535684,68.68064342,19.37880784,6.40502041,73.85200145,41.53254992
Field_61,2023-04-16,12.07351623,75.83204700,0.78770089,0.69247255,-0.69247255,1.18138364,7.65900565,30.39079628,9.64485298,Cashew Nut,70.09632863,45.85548777,34.67982009,6.08091104,79.02461567,44.21375196
Field_61,2023-01-05,12.07351623,75.83204700,0.77842024,0.69835748,-0.69835748,1.16745398,7.45327755,24.78129879,3.24191996,Cashew Nut,77.02158336,72.32468340,24.15709639,6.27748297,70.38126986,54.44822356
Field_61,2023-09-28,12.07351623,75.83204700,0.73296407,0.64082369,-0.64082369,1.09923210,10.85544228,32.54783775,16.46360976,Cashew Nut,85.09626630,61.36439563,40.58927251,6.60817247,72.34390679,58.69432952
Field_61,2023-10-13,12.07351623,75.83204700,0.73296407,0.64082369,-0.64082369,1.09923210,10.85544228,31.55779579,9.27700890,Cashew Nut,70.73731983,58.43283400,47.49403049,6.33913089,63.63455893,44.34937696
Field_61,2023-12-27,12.07351623,75.83204700,0.83502535,0.74617058,-0.74617058,1.25228591,4.43363084,18.01208931,9.94119796,Cashew Nut,83.13542457,43.23369541,33.29424725,5.73948173,81.83045156,44.10942503
Field_62,2023-01-01,10.05898507,76.13262669,-0.35537767,-0.65239313,0.65239313,-0.53237271,88.00784263,18.51870243,6.70115956,Cashew Nut,71.07443329,55.01674773,51.71225677,6.15437364,76.57237611,46.94711746
Field_62,2023-01-16,10.05898507,76.13262669,-0.16292290,-0.45754501,0.45754501,-0.24403360,76.09252969,15.49754019,6.70115956,Cashew Nut,96.84938328,53.85213121,37.35878810,6.10260044,72.40878351,46.94711746
Field_62,2023-01-31,10.05898507,76.13262669,-0.18542364,-0.40986601,0.40986601,-0.27786740,73.88762878,20.22209675,6.70115956,Cashew Nut,88.02766450,51.29104490,42.83955669,6.36782782,73.50739848,46.94711746
Field_62,2023-02-15,10.05898507,76.13262669,-0.08266460,-0.23697382,0.23697382,-0.12392999,64.00953292,20.12736402,6.70115956,Cashew Nut,88.66990832,77.52664946,41.62943032,5.70915824,77.17818045,45.69519433
Field_62,2023-02-03,10.05898507,76.13262669,-0.09791861,-0.18505283,0.18505283,-0.14681794,61.51400715,20.16440997,6.70115956,Cashew Nut,77.45318649,45.73831631,36.55867520,6.22880479,63.32646621,44.93360776
Field_62,2023-03-17,10.05898507,76.13262669,0.03150097,0.05647534,-0.05647534,0.04724066,47.85877767,33.20838775,6.70115956,Cashew Nut,60.24509306,29.96000000,53.58453510,6.17276140,69.93643535,40.75009796
Field_62,2023-01-04,10.05898507,76.13262669,-1.00000000,-1.00000000,1.00000000,-1.49578136,102.12874120,15.87519134,6.70115956,Cashew Nut,69.42761397,49.86738686,34.91133959,6.07438449,68.96008386,46.94711746
Field_62,2023-04-16,10.05898507,76.13262669,0.01202532,-0.05557520,0.05557520,0.01806703,53.77947021,32.24557784,6.70115956,Cashew Nut,74.77210291,41.32897922,38.56163436,5.96146377,66.77075258,42.56538650
Field_62,2023-10-13,10.05898507,76.13262669,-0.28433937,-0.51312671,0.51312671,-0.42595629,80.17078549,33.43313733,6.70115956,Cashew Nut,63.04592716,29.96000000,58.62522261,6.34718609,54.25197148,46.94711746
Field_62,2023-12-11,10.05898507,76.13262669,-0.25118424,-0.47105090,0.47105090,-0.37647378,77.68360126,17.40532980,6.70115956,Cashew Nut,75.28193958,55.20319191,56.65943607,6.32616296,67.00408090,46.94711746
Field_62,2023-11-27,10.05898507,76.13262669,-0.33273480,-0.76100353,0.76100353,-0.49689200,93.32271542,34.88458444,6.70115956,Cashew Nut,63.55158520,57.97738457,48.87777675,6.97192768,73.48027216,46.94711746
Field_62,2023-12-27,10.05898507,76.13262669,-0.18561902,-0.45434881,0.45434881,-0.27801814,76.16111049,22.26802669,6.70115956,Cashew Nut,79.51983974,53.42063207,42.74891280,6.70457772,64.40584324,46.94711746
Field_63,2023-01-01,15.78008666,77.84256385,0.52282624,0.57702409,-0.57702409,0.78411088,16.25944006,23.59821601,7.54880027,Cashew Nut,74.30518183,35.84024219,34.20964651,6.10028543,64.85165410,37.23428049
Field_63,2023-01-16,15.78008666,77.84256385,0.45008945,0.53415363,-0.53415363,0.67502642,19.19144471,22.20131240,13.81908364,Cashew Nut,73.79091951,48.59236414,30.94454945,5.83780737,73.06109262,47.97995405
Field_63,2023-01-31,15.78008666,77.84256385,0.32982134,0.43846094,-0.43846094,0.49464961,25.30621500,24.60492643,13.25743935,Cashew Nut,76.49369620,42.38725860,37.32957304,6.46766721,76.06614635,44.51630005
Field_63,2023-02-15,15.78008666,77.84256385,0.26552575,0.37055366,-0.37055366,0.39822298,29.43050006,16.00210648,5.73498086,Cashew Nut,73.73849859,60.82515222,42.26250703,6.00628542,74.83469331,30.53649174
Field_63,2023-02-03,15.78008666,77.84256385,0.23966677,0.33630670,-0.33630670,0.35944151,31.44339409,19.45704578,5.58445643,Cashew Nut,61.03313138,37.25716004,51.42749249,6.23804621,72.40408822,30.06702056
Field_63,2023-03-17,15.78008666,77.84256385,0.24875426,0.36074418,-0.36074418,0.37305346,30.10270006,22.88161796,12.76259028,Cashew Nut,91.68701468,54.66043820,34.75269808,6.41299179,75.91309478,42.33586726
Field_63,2023-01-04,15.78008666,77.84256385,0.21312821,0.33894114,-0.33894114,0.31963959,31.57990288,23.30760768,5.34079501,Cashew Nut,63.78281911,58.54673262,42.71542949,6.54950419,83.69164154,29.00288590
Field_63,2023-04-16,15.78008666,77.84256385,0.21970127,0.35078942,-0.35078942,0.32949922,30.90774803,26.44869978,5.37184067,Cashew Nut,81.24096027,51.94808196,38.32004844,6.52198988,72.87319556,29.07591475
Field_63,2023-01-05,15.78008666,77.84256385,0.17011682,0.26419159,-0.26419159,0.25513918,35.83621151,23.27691820,12.01373123,Cashew Nut,47.13447298,39.76907471,39.87107633,6.17130568,56.97555180,40.39538640
Field_63,2023-05-16,15.78008666,77.84256385,0.20585463,0.30208089,-0.30208089,0.30873777,33.53643289,25.14530840,5.36243289,Cashew Nut,61.99429389,79.96362166,66.00000000,7.16527867,68.99985980,29.30543399
Field_63,2023-05-31,15.78008666,77.84256385,0.18444391,0.29278397,-0.29278397,0.27661794,34.22983893,38.34537097,5.19309291,Cashew Nut,98.95000000,61.47602551,63.99679776,6.64098248,72.44017499,28.61687627
Field_63,2023-06-15,15.78008666,77.84256385,0.17899607,0.27780767,-0.27780767,0.26845022,35.05023236,42.67373903,5.17992202,Cashew Nut,98.95000000,35.27967650,33.73776445,6.85873520,75.93876953,28.64817434
Field_63,2023-07-30,15.78008666,77.84256385,0.27575216,0.38990888,-0.38990888,0.41353899,28.33769672,40.15897324,12.98273226,Cashew Nut,74.15870286,48.93750872,25.46944724,6.92671032,86.15000000,43.03485767
Field_63,2023-08-14,15.78008666,77.84256385,0.04772780,0.03025041,-0.03025041,0.07158618,49.03221419,36.68545659,10.07666995,Cashew Nut,95.18388010,63.90539519,24.23972638,6.52351336,61.95457237,31.04769368
Field_63,2023-08-29,15.78008666,77.84256385,0.25723316,0.33526417,-0.33526417,0.38577804,31.31722674,43.30414646,12.49164630,Cashew Nut,65.33241266,42.61140245,28.01916656,6.39579901,78.28919271,42.90966536
Field_63,2023-09-28,15.78008666,77.84256385,0.38786951,0.42745601,-0.42745601,0.58171216,25.27533587,21.00244574,13.63469121,Cashew Nut,73.94351551,66.24996055,25.05698963,6.21567542,76.49152895,47.14533863
Field_63,2023-10-13,15.78008666,77.84256385,0.41240775,0.45831300,-0.45831300,0.61851183,23.44903747,22.27905149,6.84133544,Cashew Nut,73.30480565,51.73161843,44.09602597,6.66696191,73.59481794,34.82432846
Field_63,2023-10-28,15.78008666,77.84256385,0.41943944,0.46116911,-0.46116911,0.62905990,23.23137801,30.60202218,6.89778210,Cashew Nut,78.20770815,47.61094357,41.67204621,6.66618099,65.51600502,35.05384771
Field_63,2023-12-12,15.78008666,77.84256385,0.45859392,0.50206329,-0.50206329,0.68775913,20.74326258,21.90495184,7.15085130,Cashew Nut,85.25991775,50.78741429,40.14875146,6.13824034,69.97844028,35.93019390
Field_63,2023-12-27,15.78008666,77.84256385,0.33984306,0.44288474,-0.44288474,0.50968242,24.97796557,26.52816465,6.22888915,Cashew Nut,78.52454786,56.85725272,23.76408379,6.59048698,78.65873832,32.26831874
Field_64,2023-01-01,16.44830917,80.23826423,0.57922363,0.56211912,-0.56211912,0.86871696,16.44457331,20.15941396,15.45979995,Tobacco,88.89910951,46.59020154,53.18013735,5.91998483,61.25827623,53.43625237
Field_64,2023-01-16,16.44830917,80.23826423,0.60022311,0.58590862,-0.58590862,0.90019531,15.01531287,18.22409473,8.21957477,Tobacco,98.95000000,38.28060219,41.52316004,5.82369723,78.19362796,40.08240562
Field_64,2023-01-31,16.44830917,80.23826423,0.55407151,0.54532012,-0.54532012,0.83099634,17.55927930,18.91493090,7.90253268,Tobacco,54.52007925,53.74775746,45.18467722,6.43741869,83.03070050,38.93480942
Field_64,2023-02-15,16.44830917,80.23826423,0.56929855,0.56721363,-0.56721363,0.85382371,16.28578939,19.10122592,7.98720268,Tobacco,51.73142817,50.45366115,46.90418088,5.54632314,64.85428331,39.18519404
Field_64,2023-02-03,16.44830917,80.23826423,0.50862420,0.53867215,-0.53867215,0.76283760,18.36290122,20.91056841,14.43717459,Tobacco,83.79918645,42.18234853,44.89925518,5.87185093,71.20097469,50.50466570
Field_64,2023-03-17,16.44830917,80.23826423,0.56318121,0.55399371,-0.55399371,0.84463685,17.02333179,20.43451660,8.01636678,Tobacco,77.63649020,43.28808083,45.98844854,5.94748232,72.31287480,49.58658873
Field_64,2023-01-04,16.44830917,80.23826423,0.48133444,0.49432695,-0.49432695,0.72191167,20.90606785,23.51098595,2.43096958,Tobacco,58.00028126,63.65274599,20.15503430,5.52012769,86.15000000,36.92129971
Field_64,2023-04-16,16.44830917,80.23826423,0.38197958,0.41168904,-0.41168904,0.57289906,26.14061944,23.48170801,6.67952167,Tobacco,79.79759943,55.41525621,43.40237544,6.44919101,80.25322039,34.38615537
Field_64,2023-01-05,16.44830917,80.23826423,0.43270830,0.44794584,-0.44794584,0.64897728,23.77110298,23.83319350,13.81626131,Tobacco,76.48206134,46.42877964,53.52868566,6.30854970,86.15000000,48.64764638
Field_64,2023-05-16,16.44830917,80.23826423,0.40858819,0.43518369,-0.43518369,0.61279193,24.66912954,39.13974081,6.86203255,Tobacco,67.48044025,56.87071247,32.72220535,6.00131747,82.29216205,35.04341501
Field_64,2023-05-31,16.44830917,80.23826423,0.30767570,0.36998018,-0.36998018,0.46144122,29.02931240,29.44480219,6.11317350,Tobacco,98.95000000,41.90317066,28.03731929,6.21679890,76.14139823,32.16399181
Field_64,2023-06-15,16.44830917,80.23826423,0.22903369,0.32729487,-0.32729487,0.34348999,32.01217174,39.64835800,5.51107577,Tobacco,98.95000000,39.45101135,32.30710745,7.07791341,58.08753228,29.79577055
Field_64,2023-06-30,16.44830917,80.23826423,0.21751675,0.30648931,-0.30648931,0.32621370,33.19221591,43.61404560,12.36464132,Tobacco,67.64861823,29.96000000,50.53033357,6.93546720,72.33862773,41.75163646
Field_64,2023-07-30,16.44830917,80.23826423,0.27935645,0.33079818,-0.33079818,0.41896389,31.31933762,44.97919690,13.34399090,Tobacco,57.92162517,60.74200909,34.67662578,6.65369261,64.40447017,44.30764619
Field_64,2023-08-14,16.44830917,80.23826423,0.27935645,0.33079818,-0.33079818,0.41896389,31.31933762,44.43059715,12.88959527,Tobacco,69.93426867,29.96000000,41.68022403,6.34749670,79.08224346,44.04682887
Field_64,2023-08-29,16.44830917,80.23826423,0.29345344,0.33853378,-0.33853378,0.44010337,30.78035311,44.62394529,13.19252569,Tobacco,68.37762078,46.64219281,36.68497223,5.35103382,73.26832288,44.64149236
Field_64,2023-09-28,16.44830917,80.23826423,0.49995613,0.48278004,-0.48278004,0.74983615,21.30552277,28.08424855,5.88456452,Tobacco,48.27045965,45.48498603,57.39097659,6.27870337,82.70571155,48.26163675
Field_64,2023-10-13,16.44830917,80.23826423,0.50020428,0.49260165,-0.49260165,0.75020877,20.80145395,23.96087163,7.54503716,Tobacco,74.56021660,40.44943040,27.22011761,6.31093660,74.97436554,37.68288628
Field_64,2023-10-28,16.44830917,80.23826423,0.45277252,0.43391736,-0.43391736,0.67907339,24.28254495,25.79075266,13.98748285,Tobacco,63.20200946,44.91445189,50.13054290,7.30000000,78.05108131,49.74307912
Field_64,2023-12-11,16.44830917,80.23826423,0.60542925,0.60470636,-0.60470636,0.90800086,14.00224800,21.51916557,15.47485239,Tobacco,73.28513381,49.71788172,43.30106589,5.98246120,82.35121531,53.78053123
Field_64,2023-12-12,16.44830917,80.23826423,0.57226771,0.53634024,-0.53634024,0.85826648,17.83199559,22.71537933,15.00634510,Tobacco,75.91255330,70.03566244,31.39106423,6.20384600,69.93931550,53.31106005
Field_64,2023-12-27,16.44830917,80.23826423,0.52552851,0.48491909,-0.48491909,0.78817230,20.93512597,23.89007386,14.39295804,Tobacco,56.60678549,51.58092343,51.09279391,6.91123323,61.97857903,51.97567538
Field_65,2023-01-01,22.22783172,73.09804921,0.51496525,0.53744314,-0.53744314,0.77232665,18.36089958,8.00561780,7.57231971,Tobacco,65.54148136,59.76498401,45.88715675,5.58268571,81.56546664,37.54726128
Field_65,2023-01-16,22.22783172,73.09804921,0.49106445,0.52179208,-0.52179208,0.73648418,19.40420702,12.73214556,7.39545350,Tobacco,80.35343118,41.47924468,54.82370153,6.34196469,62.59849729,36.86913625
Field_65,2023-01-31,22.22783172,73.09804921,0.48134929,0.51574834,-0.51574834,0.72191006,19.81204659,7.81372129,14.78338078,Tobacco,81.02235153,62.22679893,25.10925732,5.73147586,86.15000000,50.00389644
Field_65,2023-02-15,22.22783172,73.09804921,0.45220078,0.50237271,-0.50237271,0.67819586,20.79275452,6.04987480,7.09346386,Tobacco,81.84205634,66.97534677,28.86205171,5.50149555,72.56608707,35.67980927
Field_65,2023-02-03,22.22783172,73.09804921,0.41820703,0.49230588,-0.49230588,0.62721555,21.65398471,7.82218192,6.81311211,Tobacco,57.78039852,47.85903739,45.49617899,6.28880194,79.52839881,34.52178037
Field_65,2023-03-17,22.22783172,73.09804921,0.47125030,0.50869087,-0.50869087,0.70676979,20.27557123,24.52826923,13.98466051,Tobacco,82.26739910,52.30899592,43.21422340,6.43323292,74.82605331,49.28404064
Field_65,2023-01-04,22.22783172,73.09804921,0.43662465,0.47785018,-0.47785018,0.65484720,22.20405932,11.01612175,7.01161620,Tobacco,80.17342633,64.27913004,25.61416578,5.23205608,76.02001102,35.46072272
Field_65,2023-04-16,22.22783172,73.09804921,0.42173152,0.47625869,-0.47625869,0.63251701,22.43742941,16.41452065,6.88272966,Tobacco,75.36452601,29.96000000,34.03802452,5.94804612,71.46395207,34.90779001
Field_65,2023-01-05,22.22783172,73.09804921,0.36531265,0.42644159,-0.42644159,0.54790233,25.55750734,7.96415718,13.82472831,Tobacco,93.40113719,58.47898950,34.49349104,5.89726115,68.63122035,46.39418475
Field_65,2023-05-16,22.22783172,73.09804921,0.31260153,0.39116728,-0.39116728,0.46884532,27.89709977,26.79573203,13.38914823,Tobacco,98.95000000,54.78764792,46.31493748,5.80904041,70.12030536,44.66235775
Field_65,2023-05-31,22.22783172,73.09804921,0.31068130,0.40116193,-0.40116193,0.46596351,27.40634027,15.93956641,6.06707539,Tobacco,84.58351410,57.75019010,36.24466151,6.65940112,78.47798723,31.79884756
Field_65,2023-06-15,22.22783172,73.09804921,0.28107536,0.35119035,-0.35119035,0.42156288,30.26046932,27.95099915,12.73154462,Tobacco,70.14584762,30.97707307,43.32144918,6.37568526,75.41826178,43.71298270
Field_65,2023-09-28,22.22783172,73.09804921,0.56394704,0.53289908,-0.53289908,0.84581152,18.09269422,15.08163594,15.42310962,Tobacco,69.07407470,42.29122287,43.36043304,5.86507074,59.21013883,53.27976197
Field_65,2023-10-13,22.22783172,73.09804921,0.51674894,0.48821335,-0.48821335,0.77502168,20.85657151,25.26427518,7.70402859,Tobacco,82.10139840,46.83985974,47.79244580,6.83651836,79.71138740,38.39230939
Field_65,2023-10-28,22.22783172,73.09804921,0.55794196,0.56050891,-0.56050891,0.83679355,16.74414490,24.98991680,7.90159191,Tobacco,65.25569928,49.45929123,58.35845508,6.15773109,70.64895680,38.85134787
Field_65,2023-12-11,22.22783172,73.09804921,0.59088360,0.60418602,-0.60418602,0.88620445,14.17737190,11.88861268,8.09351056,Tobacco,98.34990071,51.58819598,26.57503580,6.75878680,81.81308374,39.43557867
Field_65,2023-11-27,22.22783172,73.09804921,0.58086585,0.52742505,-0.52742505,0.87109704,18.19943282,22.46050390,14.86899155,Tobacco,81.43153413,36.58958305,58.68928836,5.86241042,67.02605035,53.70750238
Field_65,2023-12-12,22.22783172,73.09804921,0.59922296,0.55914678,-0.55914678,0.89871486,16.39210369,5.48411530,8.27413987,Tobacco,64.56606321,65.57477144,42.82180497,6.34633615,83.98664129,40.45798256
Field_65,2023-12-27,22.22783172,73.09804921,0.59617362,0.57261674,-0.57261674,0.89413300,15.73541126,13.86700042,8.21487088,Tobacco,63.82151357,55.94231136,38.56393268,6.40005707,72.82092391,40.13456908
Field_66,2023-01-16,26.68786153,81.07612468,0.41482446,0.41163949,-0.41163949,0.62215818,25.80770905,12.33872614,14.04487029,Tobacco,60.90752741,36.04971460,37.42973471,5.94994374,81.31410157,48.65807908
Field_66,2023-01-31,26.68786153,81.07612468,0.48059147,0.47561509,-0.47561509,0.72079449,21.86916502,5.31038778,7.41050594,Tobacco,74.68611477,33.34473504,46.17089025,5.94817319,82.65607036,37.19254972
Field_66,2023-02-15,26.68786153,81.07612468,0.47817218,0.49208009,-0.49208009,0.71716879,21.05309826,8.65070075,7.34935539,Tobacco,83.89616948,42.64931892,34.80694245,6.14051964,79.28301133,36.83783817
Field_66,2023-02-03,26.68786153,81.07612468,0.42918277,0.46901502,-0.46901502,0.64368964,22.73122390,8.41031182,6.96645887,Tobacco,77.86656478,61.54794758,36.79156455,6.63265180,75.95835410,35.30423233
Field_66,2023-03-17,26.68786153,81.07612468,0.31121014,0.38276492,-0.38276492,0.46674862,28.34037075,23.35223356,13.57824455,Tobacco,79.56852125,58.40539712,45.41624895,6.80627961,76.63238182,44.85014622
Field_66,2023-01-04,26.68786153,81.07612468,0.25496518,0.33051874,-0.33051874,0.38239964,31.58271173,10.53565402,5.73498086,Tobacco,60.16433453,48.47312010,40.54579592,6.25895131,71.85467249,30.75557828
Field_66,2023-04-16,26.68786153,81.07612468,0.23654003,0.32186645,-0.32186645,0.35477273,32.21270961,24.15817317,5.59010109,Tobacco,73.43687008,48.80976731,40.90416142,6.18173579,75.80473521,30.17134749
Field_66,2023-01-05,26.68786153,81.07612468,0.22793889,0.31541627,-0.31541627,0.34187331,32.62992594,6.85409619,12.80022139,Tobacco,87.81564142,29.96000000,34.84857528,5.49905517,65.31804166,42.26283841
Field_66,2023-05-16,26.68786153,81.07612468,0.27210916,0.34336825,-0.34336825,0.40812409,30.75147069,20.32919834,5.85822274,Tobacco,89.16081645,48.31758576,32.76153859,6.23885699,80.12870432,31.21461677
Field_66,2023-05-31,26.68786153,81.07612468,0.25950309,0.31388283,-0.31388283,0.38921750,32.38586894,20.80252992,5.81494697,Tobacco,69.28455285,57.11045634,36.01517960,5.59920164,73.37284325,31.18331869
Field_66,2023-06-15,26.68786153,81.07612468,0.21749857,0.28493945,-0.28493945,0.32621684,34.29283144,33.98877024,12.98837693,Tobacco,86.49751839,48.82843872,25.30695420,6.64894479,77.47327787,42.44019419
Field_66,2023-08-29,26.68786153,81.07612468,0.01866037,-0.02210457,0.02210457,0.02798838,52.00255078,26.12499424,11.34389751,Tobacco,95.57315637,56.74157597,18.96000000,6.77241512,55.93452915,43.08702114
Field_66,2023-09-28,26.68786153,81.07612468,0.55332162,0.53339069,-0.53339069,0.82987505,18.17610660,21.70190211,7.92417057,Tobacco,98.95000000,58.27766254,48.50981428,7.30000000,79.53089180,39.09129981
Field_66,2023-10-13,26.68786153,81.07612468,0.47008296,0.48751535,-0.48751535,0.70503758,21.36880816,19.92040785,7.28820484,Tobacco,98.95000000,68.07540923,49.32403960,6.13947267,74.24487983,36.59788624
Field_66,2023-10-28,26.68786153,81.07612468,0.36209093,0.42169946,-0.42169946,0.54307022,25.83256391,25.33996229,13.54155422,Tobacco,72.97266491,49.00184655,25.46064373,6.78808849,63.46527282,46.18553089
Field_66,2023-12-11,26.68786153,81.07612468,0.29818992,0.37603960,-0.37603960,0.44723047,28.81676907,5.97460130,12.81056995,Tobacco,81.07612501,55.96668520,18.96000000,6.57399467,79.83354325,44.02596349
Field_66,2023-11-27,26.68786153,81.07612468,0.33011637,0.44325682,-0.44325682,0.49510367,25.05830311,16.80107351,13.33364235,Tobacco,60.80876556,57.08726740,36.27473323,6.72592686,74.42915848,44.49543466
Field_66,2023-12-12,26.68786153,81.07612468,0.32901687,0.36433342,-0.36433342,0.49345884,29.09970587,5.44514796,6.31732226,Tobacco,75.04480925,59.68300958,41.26203591,6.44413915,73.35862063,33.08206877
Field_66,2023-12-27,26.68786153,81.07612468,0.31582223,0.33748071,-0.33748071,0.47367167,30.60567786,5.54235594,13.22263058,Tobacco,78.40577846,66.65374240,36.58924204,5.37098010,70.12851353,45.53870394
Field_67,2023-01-01,10.03287404,76.11174283,-0.31347720,-0.64386264,0.64386264,-0.46933052,87.14431446,17.39407921,6.70115956,Rubber,91.09648485,49.13877001,51.71000425,5.23077159,75.95429821,46.94711746
Field_67,2023-01-16,10.03287404,76.11174283,-0.16544487,-0.42643790,0.42643790,-0.24785957,74.52982123,23.22550551,6.70115956,Rubber,69.73816628,54.79987508,42.23369567,6.09493535,73.03097467,46.94711746
Field_67,2023-01-31,10.03287404,76.11174283,-0.14034476,-0.35189697,0.35189697,-0.21031244,70.46709131,20.69067300,6.70115956,Rubber,98.95000000,50.03292312,39.46520136,5.85546935,70.73593237,46.94711746
Field_67,2023-02-15,10.03287404,76.11174283,-0.04034180,-0.18405896,0.18405896,-0.06047805,60.87523130,21.33142399,6.70115956,Rubber,96.32591250,41.48160853,29.74197588,5.65418850,77.72348226,44.73538660
Field_67,2023-02-03,10.03287404,76.11174283,-0.11557134,-0.19902729,0.19902729,-0.17327546,62.40788964,17.62184237,6.70115956,Rubber,75.28318089,47.14256377,36.00722184,5.02000000,79.25360937,45.20485777
Field_67,2023-03-17,10.03287404,76.11174283,0.01993409,-0.02152290,0.02152290,0.02989519,51.95983961,27.00106366,6.70115956,Rubber,67.01721794,64.99573416,39.64811925,6.51445332,70.08482309,42.00202109
Field_67,2023-01-04,10.03287404,76.11174283,-0.00732166,-0.06334031,0.06334031,-0.01096121,54.37357905,15.41499623,6.70115956,Rubber,98.95000000,48.73408084,36.65971598,5.76807546,75.08690237,42.74274228
Field_67,2023-04-16,10.03287404,76.11174283,0.05259483,0.03803920,-0.03803920,0.07888282,48.58477831,38.30422719,6.70115956,Rubber,89.07831777,52.23734155,56.43873898,6.55198149,75.37129379,40.96918451
Field_67,2023-10-13,10.03287404,76.11174283,-0.52473584,-0.69376945,0.69376945,-0.78591467,91.85033209,35.31503213,6.70115956,Rubber,71.80260262,56.20903253,28.51191212,5.92313031,79.44564736,46.94711746
Field_67,2023-12-11,10.03287404,76.11174283,-0.23492494,-0.45759624,0.45759624,-0.35207658,76.83049334,15.00075916,6.70115956,Rubber,72.33283083,58.88120705,45.79114743,5.25660102,78.71871779,46.94711746
Field_67,2023-11-27,10.03287404,76.11174283,-0.21013264,-0.60503328,0.60503328,-0.31388435,84.10607220,28.24436788,6.70115956,Rubber,76.91525548,29.96000000,47.09807422,6.30815927,73.17865439,46.94711746
Field_67,2023-12-27,10.03287404,76.11174283,-0.15009161,-0.38900263,0.38900263,-0.22479348,72.46141175,15.78883775,6.70115956,Rubber,85.53454731,53.68056587,30.18846156,6.40893602,69.19974984,46.94711746
Field_68,2023-01-01,9.86394368,76.36752925,-0.19647578,-0.37994545,0.37994545,-0.29450268,72.47262819,22.01744143,3.37080650,Rubber,51.42909074,58.19516592,47.44460313,6.65141791,58.24009862,36.51442469
Field_68,2023-01-16,9.86394368,76.36752925,-0.28963677,-0.45001101,0.45001101,-0.43405149,77.00192317,16.25419575,9.90262607,Rubber,80.92693808,54.29339630,50.34756940,6.09843987,77.15708587,47.21836747
Field_68,2023-01-31,9.86394368,76.36752925,-0.22853506,-0.36659104,0.36659104,-0.34259874,72.11811136,22.49816802,9.78879197,Rubber,84.33362306,64.93714014,45.00548427,6.16902462,86.15000000,47.15577132
Field_68,2023-02-15,9.86394368,76.36752925,-0.18620676,-0.32893996,0.32893996,-0.27914456,69.76318897,20.48971725,3.34258317,Rubber,68.32307868,62.44043193,41.02154994,6.66877237,70.18409981,36.51442469
Field_68,2023-02-03,9.86394368,76.36752925,-0.25530093,-0.40955230,0.40955230,-0.38260847,74.58525710,24.57046859,2.91547009,Rubber,81.13702617,55.29991120,31.43420757,6.89202605,79.16353190,36.51442469
Field_68,2023-03-17,9.86394368,76.36752925,-0.21280975,-0.34547745,0.34547745,-0.31898456,70.87935839,20.55684817,10.03527573,Rubber,75.29143582,42.72108458,38.94031598,5.89635081,62.85764773,47.29139632
Field_68,2023-01-04,9.86394368,76.36752925,-0.08240854,-0.19425939,0.19425939,-0.12355407,61.82573215,17.41544260,3.95408867,Rubber,87.94416281,57.52300555,22.15430827,6.09912462,80.92225262,34.59480922
Field_68,2023-04-16,9.86394368,76.36752925,-0.18161631,-0.33447171,0.33447171,-0.27227704,69.99878243,34.92101875,10.07008450,Rubber,98.95000000,46.87104970,59.80036962,5.95965267,83.67028155,47.31226171
Field_68,2023-05-16,9.86394368,76.36752925,-0.33996279,-0.52159610,0.52159610,-0.50946109,81.17134439,20.65216371,9.89227752,Rubber,81.65406332,63.61576248,18.96000000,5.71946119,70.17025830,47.21836747
Field_68,2023-05-31,9.86394368,76.36752925,-0.33996279,-0.52159610,0.52159610,-0.50946109,81.17134439,28.77700084,41.18254383,Rubber,93.22149531,42.31709565,44.37760482,6.05353429,85.00215402,64.56793555
Field_68,2023-10-13,9.86394368,76.36752925,-0.19741395,-0.35178948,0.35178948,-0.29595888,71.04444292,33.96198711,19.23984475,Rubber,68.83680794,55.55385215,31.28829732,6.64019039,68.47232288,52.40341578
Field_68,2023-12-12,9.86394368,76.36752925,-0.33165254,-0.50609580,0.50609580,-0.49705927,80.29495976,22.73967602,2.46013369,Rubber,67.45708695,50.52739078,56.04543510,6.30799242,76.26547241,36.51442469
Field_68,2023-12-27,9.86394368,76.36752925,-0.29865957,-0.48575824,0.48575824,-0.44763063,78.91948190,20.23677351,9.73234531,Rubber,79.08639092,61.88041648,39.55329597,6.26980471,86.15000000,47.12447324
Field_69,2023-01-01,13.02805767,77.79952523,0.51652627,0.55517152,-0.55517152,0.77467365,17.43966836,17.26219042,7.54409638,Rubber,75.58784551,36.22932669,27.80403359,5.79797547,86.15000000,37.32817473
Field_69,2023-01-16,13.02805767,77.79952523,0.45849375,0.52995168,-0.52995168,0.68763923,19.32018273,19.98210869,7.08499686,Rubber,80.60866291,53.50797085,34.36191538,6.38504139,68.32216436,35.48158811
Field_69,2023-01-31,13.02805767,77.79952523,0.41802119,0.50620238,-0.50620238,0.62693982,20.94626677,18.70478767,14.16058594,Rubber,56.14604155,66.67392339,36.77870557,6.01276530,68.69532153,47.36442517
Field_69,2023-02-15,13.02805767,77.79952523,0.36622439,0.48784117,-0.48784117,0.54926218,22.41286490,24.90761023,6.35965725,Rubber,55.69744414,33.37176888,46.84838820,6.27337572,67.47446048,32.58129952
Field_69,2023-02-03,13.02805767,77.79952523,0.33078906,0.48037038,-0.48037038,0.49611846,23.15625238,20.37537443,6.06048994,Rubber,97.32039121,47.65480272,42.30627997,6.10897565,83.52678409,31.32937639
Field_69,2023-03-17,13.02805767,77.79952523,0.31235233,0.43255239,-0.43255239,0.46846542,25.78634016,26.42678375,13.13513825,Rubber,79.08828037,42.19831692,32.92386456,6.65281053,61.20124809,43.86947310
Field_69,2023-01-04,13.02805767,77.79952523,0.22636077,0.27469838,-0.27469838,0.33947897,34.72527686,16.54529015,5.61079821,Rubber,75.20233012,76.77312745,40.47053012,6.70159434,71.60626854,30.51562635
Field_69,2023-04-16,13.02805767,77.79952523,0.30236004,0.43805039,-0.43805039,0.45348413,25.60763807,25.53579628,5.90526162,Rubber,58.01244713,29.96000000,36.29162779,6.71504871,72.44905097,30.90163598
Field_69,2023-01-05,13.02805767,77.79952523,0.30096877,0.43033806,-0.43033806,0.45139508,26.01567229,21.10217455,13.93009541,Rubber,81.49171045,61.50764348,32.90645253,6.76269729,56.64200620,43.90077117
Field_69,2023-05-16,13.02805767,77.79952523,0.48146715,0.52684872,-0.52684872,0.72211245,19.24400891,31.93411049,7.29761262,Rubber,81.27379534,62.08353577,37.56838518,7.12605030,70.34637722,36.42053046
Field_69,2023-05-31,13.02805767,77.79952523,0.41622876,0.40293618,-0.40293618,0.62426423,26.23779642,23.87650243,14.24619672,Rubber,46.91600242,58.63414473,30.76614246,6.67199511,64.95415131,38.52793440
Field_69,2023-08-14,13.02805767,77.79952523,0.17636597,0.18623164,-0.18623164,0.26452293,39.75336569,43.33694196,4.74528272,Rubber,69.20944335,43.78673653,34.95325886,7.30000000,67.43284908,40.40581910
Field_69,2023-10-13,13.02805767,77.79952523,0.52031380,0.54040427,-0.54040427,0.78036574,18.15506744,30.39133461,7.61277315,Rubber,70.64874978,63.88373264,59.91170294,7.30000000,64.97453303,37.71418436
Field_69,2023-10-28,13.02805767,77.79952523,0.50935534,0.54742199,-0.54742199,0.76393704,17.90862908,33.13213103,14.81724878,Rubber,54.35999551,56.43419041,27.59122675,7.12512390,63.60152677,50.60899262
Field_69,2023-12-11,13.02805767,77.79952523,0.53825154,0.55939280,-0.55939280,0.80726460,17.00223394,18.61082347,15.00634510,Rubber,72.94690663,57.08308807,27.53796826,5.78876408,53.53129998,51.64182921
Field_69,2023-11-27,13.02805767,77.79952523,0.53825154,0.55939280,-0.55939280,0.80726460,17.00223394,32.02555919,14.55100869,Rubber,76.95570503,57.61632746,56.06712481,6.92634994,63.09519605,51.39144458
Field_69,2023-12-27,13.02805767,77.79952523,0.44543644,0.51052730,-0.51052730,0.66805617,20.44542890,15.95504439,7.01349776,Rubber,96.25492211,56.22208883,40.70282075,5.98354841,86.15000000,35.28336695
Field_70,2023-01-01,34.14471112,74.69581565,0.14310848,0.17404426,-0.17404426,0.21462145,40.71536105,2.17798526,5.10277825,Saffron,84.59997126,67.61228365,50.25093254,5.73145626,69.89260406,28.87769359
Field_70,2023-02-15,34.14471112,74.69581565,0.18390042,0.18429344,-0.18429344,0.27578636,39.77539030,0.71209003,12.31760243,Saffron,84.58050429,53.67660075,39.67946810,5.90815986,68.33032836,42.34629995
Field_70,2023-02-03,34.14471112,74.69581565,0.27062422,0.27876126,-0.27876126,0.40584588,34.06575123,-4.68163756,12.77387961,Saffron,60.82141214,65.37854367,33.07325995,5.67188380,74.95005967,44.46413658
Field_70,2023-03-17,34.14471112,74.69581565,0.31057143,0.33504616,-0.33504616,0.46575416,30.78362239,13.03639021,6.01156950,Saffron,98.95000000,58.04897921,52.14412265,5.84803797,79.31112230,43.26437691
Field_70,2023-01-04,34.14471112,74.69581565,0.27524993,0.26023910,-0.26023910,0.41278544,34.96433203,-0.98432575,13.20005191,Saffron,91.61392505,50.12597663,41.29308089,6.09292368,76.41969722,45.17355969
Field_70,2023-04-16,34.14471112,74.69581565,0.40230432,0.41245421,-0.41245421,0.60334798,25.89397272,2.95784427,14.05898195,Saffron,83.05075240,67.22981607,42.63307679,5.57197809,81.26075782,48.16774252
Field_70,2023-01-05,34.14471112,74.69581565,0.35363328,0.31336112,-0.31336112,0.53034569,31.45117035,4.54102325,2.66428245,Saffron,61.20794170,58.87491751,40.37664951,5.90503597,80.48988599,45.25702123
Field_70,2023-05-16,34.14471112,74.69581565,0.33879564,0.31702500,-0.31702500,0.50810198,31.41561139,8.57205998,1.92671273,Saffron,83.55525244,52.17276188,31.01715553,5.92831256,71.13701600,44.63105967
Field_70,2023-05-31,34.14471112,74.69581565,0.34966504,0.30792178,-0.30792178,0.52441132,31.76945366,8.73167552,9.56206455,Saffron,81.11040512,54.52328573,49.85831346,5.91549883,86.15000000,45.27788662
Field_70,2023-06-15,34.14471112,74.69581565,0.40019349,0.34319139,-0.34319139,0.60019095,29.45239273,21.79546690,7.00314920,Saffron,79.73503066,63.74700691,41.56720856,6.07874106,63.09923582,36.15971314
Field_70,2023-06-30,34.14471112,74.69581565,0.56267110,0.47062843,-0.47062843,0.84386170,21.28553706,23.36279171,8.15560188,Saffron,62.89609332,52.92330851,47.08137397,6.88614340,80.38767854,40.43711717
Field_70,2023-07-15,34.14471112,74.69581565,0.66726786,0.55085679,-0.55085679,1.00073787,16.12049261,24.23223001,15.61596905,Saffron,58.59457627,57.00271253,42.52249679,6.34137761,86.15000000,57.09812753
Field_70,2023-08-14,34.14471112,74.69581565,0.74847438,0.65544544,-0.65544544,1.12255206,9.95038720,28.46939813,9.52067033,Saffron,81.83921954,37.50825638,38.52068725,6.49418506,67.32576563,44.77711737
Field_70,2023-08-29,34.14471112,74.69581565,0.67244655,0.57554185,-0.57554185,1.00854854,14.80707657,26.59154445,8.88940849,Saffron,62.42434812,54.03138764,29.97513708,5.95886691,64.81455042,43.03485767
Field_70,2023-09-13,34.14471112,74.69581565,0.53328355,0.50313553,-0.50313553,0.79982571,19.92571373,2.88232289,7.81598113,Saffron,88.40835843,62.34076537,40.37635552,5.91198354,68.99518377,38.78875172
Field_70,2023-09-28,34.14471112,74.69581565,0.33306103,0.39570480,-0.39570480,0.49951437,27.45644338,22.50648025,8.82731716,Saffron,92.60900938,42.90131353,34.10874188,6.16579997,73.72874462,32.74822260
Field_70,2023-10-13,34.14471112,74.69581565,0.29438925,0.34670783,-0.34670783,0.44150316,30.35339307,20.70774832,1.39987722,Saffron,67.39738875,58.77438628,27.98243716,6.02604380,86.15000000,32.01793411
Field_70,2023-10-28,34.14471112,74.69581565,0.15843040,0.15861236,-0.15861236,0.23760877,41.34690065,12.33869363,5.27682212,Saffron,82.60767996,39.92544847,37.98631168,5.19696639,82.68376607,29.71230901
Field_70,2023-12-11,34.14471112,74.69581565,0.19477958,0.20329578,-0.20329578,0.29211861,38.69394032,-3.42566015,12.86889816,Saffron,81.39800392,44.18108515,53.57007958,5.97276532,61.22764233,42.77404035
Field_70,2023-11-27,34.14471112,74.69581565,0.02432558,0.02384876,-0.02384876,0.03648417,49.59811484,19.76001793,11.00803987,Saffron,96.18327792,56.48222284,50.99257951,5.91419855,70.40094432,42.16894417
Field_70,2023-12-12,34.14471112,74.69581565,0.06623732,0.06127498,-0.06127498,0.09934147,47.25892897,1.98304817,12.07488178,Saffron,90.93654584,53.92855057,46.61344349,5.45700609,67.97943986,42.04375186
Field_70,2023-12-27,34.14471112,74.69581565,0.02616807,0.05587500,-0.05587500,0.03925017,47.94389750,-1.84612053,10.93559999,Saffron,98.95000000,73.64723863,24.68022276,5.43199625,86.15000000,41.62644415
Field_71,2023-01-01,34.38346153,74.88532674,-0.04571695,-0.08325078,0.08325078,-0.06856951,55.78242051,4.73382861,4.02088389,Saffron,59.26917572,62.79548949,34.53067134,6.31673820,66.24296124,32.74822260
Field_71,2023-01-16,34.38346153,74.88532674,-0.03983993,-0.07047001,0.07047001,-0.05975602,55.06975774,1.53532059,4.04346256,Saffron,50.05140751,69.94153385,33.09909653,5.21323688,86.15000000,32.52913606
Field_71,2023-01-31,34.38346153,74.88532674,-0.02442797,-0.02800514,0.02800514,-0.03664064,52.74391546,-4.75192980,11.23947119,Saffron,77.53570437,56.56423913,49.26592131,6.43602575,77.17796994,43.26437691
Field_71,2023-02-15,34.38346153,74.88532674,-0.01401401,-0.00450549,0.00450549,-0.02102017,51.43756416,0.42329049,10.72392501,Saffron,56.65310066,62.92290169,42.42055788,6.25282496,65.45901967,42.57581919
Field_71,2023-02-03,34.38346153,74.88532674,-0.00237918,0.01117669,-0.01117669,-0.00356869,50.51793836,-0.64366263,11.21124785,Saffron,96.68781959,66.52557066,30.62383009,5.86993739,73.47316700,42.56538650
Field_71,2023-03-17,34.38346153,74.88532674,-0.06650982,-0.12487719,0.12487719,-0.09976276,58.12040229,13.80694507,3.70007870,Saffron,47.01530159,54.60511335,48.16631847,6.20824105,79.08869208,43.89033848
Field_71,2023-01-04,34.38346153,74.88532674,-0.01638101,-0.01065440,0.01065440,-0.02457082,51.77572800,3.76803974,0.87116015,Saffron,63.68897501,58.67910227,39.54009872,5.33281065,59.10578311,41.94985763
Field_71,2023-04-16,34.38346153,74.88532674,-0.03860222,-0.06620572,0.06620572,-0.05790152,54.83936368,2.58128843,10.72956967,Saffron,98.95000000,73.97080912,46.23995143,5.84050713,83.86061791,43.61908847
Field_71,2023-01-05,34.38346153,74.88532674,-0.04224351,-0.03720329,0.03720329,-0.06336343,53.39556110,1.30867903,10.64772201,Saffron,81.30279404,62.36991090,25.40887933,5.41142272,71.85316810,43.12875191
Field_71,2023-05-16,34.38346153,74.88532674,-0.02003807,-0.00566196,0.00566196,-0.03005633,51.55814125,7.51576532,1.45067921,Saffron,66.20568109,56.32392996,46.24681875,5.99107624,77.64991950,41.88726147
Field_71,2023-05-31,34.38346153,74.88532674,-0.05840203,-0.06941920,0.06941920,-0.08759893,55.20567109,6.05539251,11.15197886,Saffron,73.31866544,47.26029023,20.69702225,6.48308373,74.49637151,43.96336733
Field_71,2023-06-15,34.38346153,74.88532674,0.00139639,0.03753679,-0.03753679,0.00209191,49.13331714,26.71778822,4.15729666,Saffron,81.27383872,39.81749704,44.41603431,6.01872955,80.77391345,30.70341482
Field_71,2023-06-30,34.38346153,74.88532674,0.01376531,0.05152762,-0.05152762,0.02064433,48.29256190,25.99008550,4.23538121,Saffron,68.80050490,39.52107030,58.18358563,6.23637747,67.02812565,30.45303019
Field_71,2023-07-15,34.38346153,74.88532674,-0.01396442,-0.01872051,0.01872051,-0.02094404,52.16293857,23.24503626,11.53487538,Saffron,85.75613941,50.52754958,55.26464960,7.00968985,59.82271536,43.24351153
Field_71,2023-07-30,34.38346153,74.88532674,0.14726669,0.15140365,-0.15140365,0.22085537,41.82902249,27.85046752,12.35052965,Saffron,74.26083030,39.69771846,60.89168638,6.21886436,66.62274940,41.45952107
Field_71,2023-08-14,34.38346153,74.88532674,0.05493094,0.05497170,-0.05497170,0.08238289,47.69627271,25.15155704,9.52161110,Saffron,70.35345621,54.56317765,22.98180989,6.20513377,79.50022524,30.32783788
Field_71,2023-08-29,34.38346153,74.88532674,0.22627663,0.23877904,-0.23877904,0.33935578,36.56033433,29.00386542,5.69452742,Saffron,79.12847326,48.49741181,25.27853186,6.57088704,65.98114538,31.07899176
Field_71,2023-09-13,34.38346153,74.88532674,0.17950861,0.20416725,-0.20416725,0.26920316,38.80539981,19.46692818,5.35772900,Saffron,56.42054539,52.35853984,62.21252899,6.50662245,61.25847410,29.81663594
Field_71,2023-09-28,34.38346153,74.88532674,-0.02677149,-0.04605700,0.04605700,-0.04015430,53.68965609,14.46667212,4.10273155,Saffron,75.84059175,60.40795402,25.20282829,6.78319550,77.47704160,32.10139565
Field_71,2023-10-13,34.38346153,74.88532674,0.00014015,0.01335826,-0.01335826,0.00020639,50.38080805,5.45335064,1.46949477,Saffron,86.30089203,63.89997835,50.54780053,6.29037185,62.73154171,31.08942445
Field_71,2023-10-28,34.38346153,74.88532674,0.03177171,0.07058954,-0.07058954,0.04765113,47.13527944,7.23348908,4.35109686,Saffron,64.26146580,61.86135831,29.63773475,5.89468218,64.89884350,30.09831864
Field_71,2023-12-11,34.38346153,74.88532674,0.00961239,0.02443654,-0.02443654,0.01441612,49.71836411,3.79522066,4.26172298,Saffron,69.08313568,63.32698958,34.91335713,5.65796036,66.02112838,30.88077060
Field_71,2023-11-27,34.38346153,74.88532674,-0.03597490,-0.04972447,0.04972447,-0.05400335,53.97092663,11.37517739,10.79918722,Saffron,57.45402794,60.93036842,47.66879064,5.47001775,67.98696017,43.38956923
Field_71,2023-12-12,34.38346153,74.88532674,0.01007209,0.02726329,-0.02726329,0.01510697,49.56932270,4.84252922,10.99486898,Saffron,95.38473220,56.20686795,51.52078158,5.85913830,86.15000000,42.14807879
Field_71,2023-12-27,34.38346153,74.88532674,-0.04082483,-0.08871802,0.08871802,-0.06122937,56.01163950,0.79152348,4.07733055,Saffron,82.23287125,79.72552934,56.50546542,5.86805811,71.82564699,32.81081876
Field_72,2023-01-01,34.19831024,74.81185530,0.20530917,0.22591998,-0.22591998,0.30790955,37.43111255,-1.22659425,5.53741754,Saffron,65.01504585,63.73999293,57.21447583,5.73402461,80.35347848,30.47389558
Field_72,2023-02-15,34.19831024,74.81185530,0.13198783,0.12729150,-0.12729150,0.19795844,43.21633535,-3.15628681,11.93658746,Saffron,92.10919696,66.77327037,41.38156756,5.82619020,86.15000000,41.02134797
Field_72,2023-02-03,34.19831024,74.81185530,0.42221792,0.40970790,-0.40970790,0.63321684,25.83083602,1.70852338,14.06086351,Saffron,80.13506319,48.04684644,41.83448705,6.39128449,80.61429033,48.98149255
Field_72,2023-03-17,34.19831024,74.81185530,0.42451261,0.40569945,-0.40569945,0.63666749,26.01208947,2.48071662,4.55806796,Saffron,73.82881319,49.51703981,33.93986672,5.86889259,75.53484684,46.55067514
Field_72,2023-01-04,34.19831024,74.81185530,0.13949941,0.08588305,-0.08588305,0.20920182,45.25411678,-1.25162330,1.61907842,Saffron,64.72643297,50.68828222,53.32847174,6.46243905,67.13039457,40.55187679
Field_72,2023-04-16,34.19831024,74.81185530,0.54102203,0.51240367,-0.51240367,0.81143328,19.37341001,24.49365966,14.75139434,Saffron,67.61174525,49.96068643,46.50919596,6.31749617,72.59210330,52.34081962
Field_72,2023-01-05,34.19831024,74.81185530,0.54802532,0.49933410,-0.49933410,0.82192717,19.96927542,3.61589553,15.01669365,Saffron,88.30269568,59.65048627,35.29749801,6.22105449,72.43697209,52.96678119
Field_72,2023-05-16,34.19831024,74.81185530,0.42134593,0.42653365,-0.42653365,0.63193036,24.98054534,8.89620891,1.94082440,Saffron,66.38575944,52.38281918,52.00468723,6.07168181,76.82526787,46.10206935
Field_72,2023-05-31,34.19831024,74.81185530,0.39744885,0.40162992,-0.40162992,0.59608200,26.49629670,17.16546751,6.93353165,Saffron,94.51019238,52.13635122,46.46218352,6.66720204,86.15000000,45.57000202
Field_72,2023-06-15,34.19831024,74.81185530,0.37127920,0.36295184,-0.36295184,0.55683517,28.73863552,24.80060354,6.69833723,Saffron,69.25402884,46.36963777,40.01110603,5.67947563,63.35237342,34.73043423
Field_72,2023-06-30,34.19831024,74.81185530,0.41668074,0.36382046,-0.36382046,0.62492812,28.23060004,29.81745159,7.10193086,Saffron,86.29106682,66.67991769,46.78262736,6.34911895,65.09905234,36.47269392
Field_72,2023-07-15,34.19831024,74.81185530,0.53695851,0.47372116,-0.47372116,0.80531311,21.39020812,28.82546724,14.96777321,Saffron,76.38049722,55.57667046,39.88735350,6.58132456,86.15000000,52.91461773
Field_72,2023-08-14,34.19831024,74.81185530,0.59554728,0.53632191,-0.53632191,0.89318447,17.59518034,26.16470959,8.66926651,Saffron,83.44659992,51.67398163,36.10992061,6.04524153,66.58724439,40.67706911
Field_72,2023-08-29,34.19831024,74.81185530,0.56409933,0.51909660,-0.51909660,0.84603109,18.79595419,29.58612763,8.05399789,Saffron,62.53556797,57.00463964,44.35670905,6.47653077,69.57074115,39.73812676
Field_72,2023-09-13,34.19831024,74.81185530,0.50499531,0.47903409,-0.47903409,0.75738760,21.44534302,22.21355727,7.62029937,Saffron,98.95000000,49.43116240,30.85530398,7.06638822,79.48523093,38.07932861
Field_72,2023-09-28,34.19831024,74.81185530,0.35929759,0.40197734,-0.40197734,0.53886296,26.86818961,12.60220019,6.49889235,Saffron,68.08115072,29.96000000,40.62765333,6.14617377,79.71201915,33.65586687
Field_72,2023-10-13,34.19831024,74.81185530,0.31541044,0.34880705,-0.34880705,0.47302961,30.03151082,24.25919939,1.68493286,Saffron,64.13572089,50.90342525,35.05687049,6.46908835,67.96693108,32.80038607
Field_72,2023-10-28,34.19831024,74.81185530,0.17780853,0.17177934,-0.17177934,0.26666807,40.47663088,17.38373230,5.41887955,Saffron,84.35987510,56.07396850,29.35400290,5.36595785,75.03184671,30.25480903
Field_72,2023-12-11,34.19831024,74.81185530,0.18184282,0.16635588,-0.16635588,0.27272393,40.71237459,-2.48124424,12.31195776,Saffron,95.09568679,80.30427614,30.24390698,5.76320633,81.51320661,42.54452111
Field_72,2023-11-27,34.19831024,74.81185530,0.04791977,0.04515056,-0.04515056,0.07187157,48.26938729,8.71624968,11.71644548,Saffron,68.38561122,43.74607568,42.88578980,6.07948770,77.88859690,42.15851148
Field_72,2023-12-12,34.19831024,74.81185530,0.11238798,0.10529413,-0.10529413,0.16855829,44.53978784,4.53215958,12.37498987,Saffron,68.72632178,50.28509722,49.03485202,5.02000000,82.20498631,41.37605952
Field_72,2023-12-27,34.19831024,74.81185530,0.04257921,0.07721638,-0.07721638,0.06386493,46.68650862,-4.61100079,11.76160281,Saffron,83.83225409,58.34821428,31.92706585,5.06513864,86.15000000,41.69947300
Field_73,2023-01-01,23.38666321,77.48365068,0.45599355,0.46446171,-0.46446171,0.68389527,22.68992097,14.45785857,7.21670574,Linseed,57.97534806,68.04129139,37.88965562,5.97691586,71.29774016,36.41009777
Field_73,2023-01-16,23.38666321,77.48365068,0.48938880,0.52822896,-0.52822896,0.73397889,19.09262481,11.53478098,14.83136045,Linseed,98.95000000,51.59671197,39.11392547,5.82806555,83.06694946,50.14995414
Field_73,2023-01-31,23.38666321,77.48365068,0.42111462,0.37769486,-0.37769486,0.63159405,27.47682970,6.61786260,14.49926592,Linseed,80.65785094,46.50700068,22.91564565,5.59631597,54.46194191,49.68048297
Field_73,2023-02-15,23.38666321,77.48365068,0.51025467,0.54559621,-0.54559621,0.76527198,17.99267669,9.00649806,7.51022838,Linseed,76.28143431,66.28187842,30.57677246,5.69311849,75.35510166,37.24471319
Field_73,2023-02-03,23.38666321,77.48365068,0.41677399,0.50347335,-0.50347335,0.62507531,21.09836044,10.66431179,6.77454022,Linseed,80.05941265,55.70320945,43.67319590,5.99996746,68.75911941,34.29226113
Field_73,2023-03-17,23.38666321,77.48365068,0.11830984,0.11090179,-0.11090179,0.17745247,44.19295692,21.22788200,5.03033836,Linseed,73.19122386,58.25353134,21.79213456,6.66282549,73.85203634,29.19067437
Field_73,2023-01-04,23.38666321,77.48365068,0.27693128,0.37599850,-0.37599850,0.41534173,29.03597974,8.65750829,5.82435474,Linseed,75.27824096,58.64264347,53.18914006,5.58284324,66.84370951,30.89120329
Field_73,2023-04-16,23.38666321,77.48365068,0.24152752,0.33858379,-0.33858379,0.36224274,31.30811236,17.79862930,5.59574576,Linseed,90.63053511,36.84925828,37.03082183,6.03363840,64.32612962,30.10875133
Field_73,2023-01-05,23.38666321,77.48365068,0.35865803,0.41501110,-0.41501110,0.53791487,26.20916091,11.01901244,6.46314280,Linseed,81.46969083,67.94319929,48.09242447,6.31060351,57.55786615,33.43678033
Field_73,2023-05-16,23.38666321,77.48365068,0.27802767,0.35318086,-0.35318086,0.41699069,30.18995087,26.75619612,5.88738685,Linseed,98.95000000,54.89513495,31.45458523,6.23233390,78.51062594,31.28764562
Field_73,2023-05-31,23.38666321,77.48365068,0.28504208,0.37536260,-0.37536260,0.42751232,28.98561664,24.33512303,5.89773540,Linseed,84.02391681,44.62747750,42.33279681,6.35838837,66.19173476,31.21461677
Field_73,2023-06-15,23.38666321,77.48365068,0.24682820,0.34908682,-0.34908682,0.37020029,30.71764671,26.07205104,5.61832443,Linseed,76.81045967,33.52804265,52.96369100,6.14022789,78.82185005,30.15048210
Field_73,2023-08-29,23.38666321,77.48365068,0.44211705,0.45005654,-0.45005654,0.66308546,23.56723070,28.47564904,13.73629520,Linseed,81.96441682,52.37294414,35.24113337,6.88332022,64.27855474,48.93976178
Field_73,2023-09-13,23.38666321,77.48365068,0.44211705,0.45005654,-0.45005654,0.66308546,23.56723070,16.99178063,13.81720208,Linseed,66.34895034,49.31092364,35.99381523,6.41519325,75.51197584,48.98149255
Field_73,2023-09-28,23.38666321,77.48365068,0.51076461,0.51553650,-0.51553650,0.76604254,19.52244929,20.20435916,7.58549060,Linseed,93.44615158,56.92692076,36.44542715,5.92886889,79.34580035,37.73504975
Field_73,2023-10-13,23.38666321,77.48365068,0.44923639,0.48930204,-0.48930204,0.67375669,21.49047509,27.02172000,7.09722697,Linseed,98.95000000,61.17972245,25.43989576,6.92376134,77.23321798,35.76327081
Field_73,2023-10-28,23.38666321,77.48365068,0.37925360,0.44931874,-0.44931874,0.56879753,24.24692276,24.88139799,6.56662835,Linseed,69.91123600,49.13686540,44.17562203,6.07387947,80.25994733,33.68716495
Field_73,2023-12-11,23.38666321,77.48365068,0.32816985,0.41814858,-0.41814858,0.49218250,26.36031901,10.74807914,12.91687783,Linseed,77.80430654,52.73724066,23.21395715,5.66262294,81.62057433,44.58932890
Field_73,2023-11-27,23.38666321,77.48365068,0.29597131,0.37956502,-0.37956502,0.44389243,28.65940378,19.80367787,12.68920962,Linseed,80.24503437,52.48012078,43.09694456,5.98656586,67.01457704,43.81730963
Field_73,2023-12-12,23.38666321,77.48365068,0.42434445,0.45396446,-0.45396446,0.63641475,23.54918481,8.33312401,6.95799187,Linseed,74.51048509,63.37545256,35.34497349,6.03452540,63.65280666,35.35639580
Field_73,2023-12-27,23.38666321,77.48365068,0.47016120,0.49735765,-0.49735765,0.70513379,20.86541814,10.53993332,7.26562618,Linseed,80.34485810,58.16324637,36.03742526,6.25563488,81.27028113,36.45182854
Field_74,2023-01-16,26.75810493,81.02145185,0.37388608,0.34144704,-0.34144704,0.56074896,29.81014086,13.70423022,13.62810577,Linseed,70.99651457,60.66879752,38.68023536,5.88191366,64.27145864,47.94865597
Field_74,2023-01-31,26.75810493,81.02145185,0.54667614,0.50710154,-0.50710154,0.81989994,19.58641486,4.30280881,7.92699290,Linseed,77.84812592,64.10143413,28.93972218,5.23141279,69.15197572,39.24779020
Field_74,2023-02-15,26.75810493,81.02145185,0.55699963,0.53904592,-0.53904592,0.83539144,17.84976274,14.71800200,7.94392690,Linseed,67.21010167,62.91464487,38.58882794,6.30425002,63.89789205,39.14346327
Field_74,2023-02-03,26.75810493,81.02145185,0.54912812,0.54199545,-0.54199545,0.82357906,17.77953768,8.60603963,7.86678313,Linseed,61.31599142,59.55217899,41.81893624,5.26010350,82.10384019,38.79918441
Field_74,2023-03-17,26.75810493,81.02145185,0.42727142,0.44764195,-0.44764195,0.64080929,23.84214671,26.19781332,8.91951338,Linseed,58.75690360,53.49666541,66.00000000,6.24533942,59.83878344,45.99774242
Field_74,2023-01-04,26.75810493,81.02145185,0.34359907,0.38850655,-0.38850655,0.51532880,27.71639408,9.80682676,6.39070292,Linseed,81.56181201,54.38183721,29.90954479,5.61693371,75.80558335,33.26985724
Field_74,2023-04-16,26.75810493,81.02145185,0.28708603,0.36034812,-0.36034812,0.43057998,29.73144736,13.78113567,5.95135973,Linseed,82.20130452,62.66405485,44.47904826,6.94072964,57.99680990,31.52759755
Field_74,2023-01-05,26.75810493,81.02145185,0.26575248,0.34516001,-0.34516001,0.39858399,30.72489531,5.77909543,12.95733127,Linseed,86.76460633,65.20826779,38.78567378,6.58461349,79.15545571,43.33740576
Field_74,2023-05-16,26.75810493,81.02145185,0.29743108,0.37468151,-0.37468151,0.44609731,28.89386898,12.03570931,6.01062873,Linseed,67.53598662,74.75983919,33.74768339,5.92566788,71.58496333,31.69452063
Field_74,2023-05-31,26.75810493,81.02145185,0.28155992,0.32848057,-0.32848057,0.42229631,31.41518117,17.90484608,5.97770151,Linseed,98.95000000,61.58286018,50.21722272,6.86810595,83.31121800,31.80928025
Field_74,2023-06-15,26.75810493,81.02145185,0.26067965,0.31341953,-0.31341953,0.39098119,32.39751099,33.69166497,12.45401520,Linseed,79.15173671,54.08747830,50.90288741,6.31697108,73.19270150,43.35827115
Field_74,2023-08-29,26.75810493,81.02145185,0.10742559,0.05199789,-0.05199789,0.16111932,47.31200706,34.84112176,12.58007941,Linseed,87.55716941,53.27141419,37.11352311,6.86870104,69.09589727,42.33586726
Field_74,2023-09-28,26.75810493,81.02145185,0.65453408,0.57644674,-0.57644674,0.98164978,14.94380643,19.40310774,8.72759473,Linseed,91.31632131,55.75523734,61.48482040,5.84706172,80.63531863,42.32543457
Field_74,2023-10-13,26.75810493,81.02145185,0.60368305,0.54911764,-0.54911764,0.90539594,16.85868508,11.40800167,8.33717198,Linseed,77.37381174,62.55886823,38.08982119,6.58776404,80.90779904,40.79182873
Field_74,2023-10-28,26.75810493,81.02145185,0.38282547,0.32898838,-0.32898838,0.57417447,30.35503754,13.08069584,13.74476220,Linseed,63.01995169,54.66618993,35.64607287,5.69991433,67.29663956,48.54331946
Field_74,2023-12-11,26.75810493,81.02145185,0.39028553,0.42998339,-0.42998339,0.58534754,25.12160261,6.21763716,14.04110718,Linseed,92.57033762,62.56476515,26.34965562,5.90837298,61.66652481,47.41658864
Field_74,2023-11-27,26.75810493,81.02145185,0.45212552,0.53856378,-0.53856378,0.67807099,18.94544893,17.59879119,13.63186888,Linseed,62.45635996,49.35883581,51.47497354,6.45593917,56.97991751,47.88605981
Field_74,2023-12-12,26.75810493,81.02145185,0.39220092,0.40773813,-0.40773813,0.58820826,26.23798111,9.87557116,6.78018489,Linseed,98.95000000,58.34622331,46.87948460,5.29815048,86.15000000,34.84519385
Field_74,2023-12-27,26.75810493,81.02145185,0.35309481,0.35712756,-0.35712756,0.52956402,29.22176349,5.82573850,13.17182858,Linseed,68.26151374,61.11059861,38.10381910,6.20009389,62.43962096,46.64456937
Field_75,2023-01-16,25.41662535,82.83942679,0.54944354,0.46992187,-0.46992187,0.82406551,21.45670815,10.75625463,15.53506217,Linseed,75.61516696,38.39825717,48.07592858,5.71054762,65.87898639,53.77009853
Field_75,2023-01-31,25.41662535,82.83942679,0.68456080,0.63058358,-0.63058358,1.02671737,11.87268349,12.23573767,8.86871138,Linseed,98.92001438,57.64230555,54.36025048,6.27315248,82.46894221,42.63841535
Field_75,2023-02-15,25.41662535,82.83942679,0.62037405,0.59337343,-0.59337343,0.93044276,14.42832806,13.95350622,8.38232931,Linseed,73.85741851,51.71248116,33.60138677,5.92757332,74.87480809,40.73966526
Field_75,2023-02-03,25.41662535,82.83942679,0.57939730,0.55619296,-0.55619296,0.86897769,16.74541546,12.72293346,15.26035508,Linseed,69.21555796,62.21599270,44.70323946,6.03887570,76.64332507,53.42581967
Field_75,2023-03-17,25.41662535,82.83942679,0.57369839,0.57917369,-0.57917369,0.86041615,15.63012112,27.73707077,15.12488309,Linseed,68.33152136,60.27994145,47.57051830,6.93927086,83.94738663,52.76856003
Field_75,2023-01-04,25.41662535,82.83942679,0.34282262,0.38286738,-0.38286738,0.51416797,28.01228455,5.94855606,13.14736836,Linseed,67.37272250,62.56787699,41.87137436,5.75496753,84.95474474,45.83081934
Field_75,2023-04-16,25.41662535,82.83942679,0.27520516,0.33192869,-0.33192869,0.41275993,31.30400518,10.40247996,5.91278785,Linseed,91.60583759,49.02888803,56.03714640,5.49928231,84.64650185,31.50673216
Field_75,2023-01-05,25.41662535,82.83942679,0.32016110,0.30769865,-0.30769865,0.48004909,32.08216783,8.11780405,13.37127345,Linseed,78.52128497,46.07891012,55.41206690,5.61166235,67.00392087,46.25855974
Field_75,2023-05-16,25.41662535,82.83942679,0.30760329,0.35256168,-0.35256168,0.46135839,29.91951658,13.10203588,6.15362694,Linseed,63.75397882,58.93290668,32.58718946,6.69801815,64.60777102,32.43524182
Field_75,2023-05-31,25.41662535,82.83942679,0.29804196,0.34006556,-0.34006556,0.44701884,30.65527192,28.67601972,6.09718028,Linseed,61.75823400,55.49592688,51.58405128,6.25377851,81.21887587,32.26831874
Field_75,2023-06-15,25.41662535,82.83942679,0.23997510,0.29571482,-0.29571482,0.35992767,33.51304398,29.14704247,12.30913543,Linseed,84.82906693,65.57442114,23.16432746,6.10576551,63.91695709,42.76360766
Field_75,2023-08-29,25.41662535,82.83942679,0.66472870,0.59902862,-0.59902862,0.99696637,13.68656073,31.69163857,15.62349527,Linseed,65.65552175,45.03968621,35.59765694,6.48212408,65.84154524,56.24264672
Field_75,2023-09-28,25.41662535,82.83942679,0.70179571,0.62158062,-0.62158062,1.05254622,12.15639622,6.79301675,16.46831364,Linseed,55.29807331,54.34466632,34.63604649,6.57840327,61.24168240,57.79711794
Field_75,2023-10-13,25.41662535,82.83942679,0.64419299,0.58406990,-0.58406990,0.96615978,14.66014680,10.50058801,8.61752374,Linseed,87.54005005,53.78041556,47.66642870,6.30255361,76.88282923,41.80379993
Field_75,2023-10-28,25.41662535,82.83942679,0.57825708,0.58922902,-0.58922902,0.86726122,15.07009479,20.90642856,14.65731657,Linseed,85.29163670,53.50607931,52.67105982,6.10666351,75.44151719,52.52860809
Field_75,2023-12-11,25.41662535,82.83942679,0.28022233,0.31956918,-0.31956918,0.42028200,31.88389615,11.17103735,5.98616851,Linseed,73.79493909,58.58716900,32.77684782,6.14137619,66.37978976,31.89274180
Field_75,2023-11-27,25.41662535,82.83942679,0.31958703,0.37613043,-0.37613043,0.47931154,28.59360474,16.33738795,8.96372993,Linseed,76.11038683,58.05467666,35.22070600,5.87304313,75.43409386,42.96182882
Field_75,2023-12-12,25.41662535,82.83942679,0.38850845,0.38823341,-0.38823341,0.58268193,27.27168806,7.39779391,6.79241500,Linseed,78.80645710,46.54830028,20.27823075,5.95396471,86.15000000,35.00168424
Field_75,2023-12-27,25.41662535,82.83942679,0.27855993,0.23619930,-0.23619930,0.41779009,36.15810475,5.20523916,12.82468161,Linseed,59.48788039,81.10000000,37.10965118,5.35747026,70.80464954,45.46567509
Field_76,2023-01-01,23.48186345,77.41652187,0.69699283,0.60875797,-0.60875797,1.04535696,12.86022810,5.51445687,9.03146592,Sesame,83.63668660,52.13790026,31.82478285,6.08639297,66.85482295,43.46259808
Field_76,2023-01-16,23.48186345,77.41652187,0.74414243,0.68250652,-0.68250652,1.11606226,8.61277175,6.15627442,9.27889046,Sesame,80.04285293,61.89136176,46.67289831,5.87861331,84.02058390,44.13029041
Field_76,2023-01-31,23.48186345,77.41652187,0.57317352,0.48389776,-0.48389776,0.85964654,20.50068708,5.59534981,8.21769321,Sesame,56.29265671,54.77828279,32.01332820,5.77766639,75.42827128,40.63533834
Field_76,2023-02-15,23.48186345,77.41652187,0.61565456,0.60845071,-0.60845071,0.92333462,13.70661539,8.60655172,8.30518554,Sesame,70.79370982,79.55318798,43.80744680,6.58936617,46.12776146,40.32235755
Field_76,2023-02-03,23.48186345,77.41652187,0.42526180,0.50871079,-0.50871079,0.63779543,20.74422914,14.23302356,6.83757233,Sesame,68.97296426,42.82369675,53.79232200,6.06449229,58.03817099,34.53221307
Field_76,2023-03-17,23.48186345,77.41652187,0.23974229,0.33376174,-0.33376174,0.35955516,31.57257980,20.35368020,13.09468481,Sesame,74.43716260,45.54483483,28.05195520,6.28176274,86.15000000,42.58625188
Field_76,2023-01-04,23.48186345,77.41652187,0.18433107,0.30422875,-0.30422875,0.27645665,33.64657087,11.33939827,5.16581035,Sesame,76.07678770,52.16365053,20.29664922,5.84318321,79.96834501,28.43952049
Field_76,2023-04-16,23.48186345,77.41652187,0.15652164,0.26361585,-0.26361585,0.23474739,36.00445762,13.98489268,5.01246359,Sesame,71.58074444,56.82801143,30.95707304,6.53157646,63.43958060,28.00134739
Field_76,2023-01-05,23.48186345,77.41652187,0.18927803,0.29706041,-0.29706041,0.28386812,33.96209479,13.47070710,5.22602012,Sesame,83.15430813,51.47065473,48.23096808,5.66211243,70.02229889,28.74206858
Field_76,2023-05-16,23.48186345,77.41652187,0.16918939,0.27173862,-0.27173862,0.25374436,35.46029901,23.95474102,5.10654136,Sesame,65.48380250,57.98419782,36.59234693,6.32957575,72.98554473,28.35605895
Field_76,2023-05-31,23.48186345,77.41652187,0.18965541,0.30818361,-0.30818361,0.28443632,33.39024178,10.50939241,5.20344146,Sesame,98.95000000,56.13346757,27.45126549,5.88797484,74.62666560,28.57514550
Field_76,2023-06-15,23.48186345,77.41652187,0.17058464,0.30371678,-0.30371678,0.25583464,33.81310476,34.99593293,5.04350925,Sesame,72.99251626,53.96926690,44.69002317,6.92749801,69.34012976,27.91788585
Field_76,2023-08-29,23.48186345,77.41652187,0.79571200,0.71026854,-0.71026854,1.19343422,6.66844822,27.38559242,16.89354516,Sesame,87.32909835,64.60361655,43.61163173,6.28815335,78.66442383,58.40221412
Field_76,2023-09-13,23.48186345,77.41652187,0.79571200,0.71026854,-0.71026854,1.19343422,6.66844822,28.00970171,16.33472321,Sesame,86.49994550,59.82485402,42.44183773,5.83453859,61.99351975,58.08923334
Field_76,2023-09-28,23.48186345,77.41652187,0.56281754,0.54076129,-0.54076129,0.84411104,17.70275103,26.74410164,7.99190656,Sesame,93.00648843,50.15009577,52.71558394,6.06498334,72.59954316,39.34168443
Field_76,2023-10-13,23.48186345,77.41652187,0.42058792,0.47681098,-0.47681098,0.63078029,22.42090666,20.07529779,6.87144032,Sesame,65.68767676,56.62602855,32.60084972,7.09257488,74.93991932,34.85562654
Field_76,2023-10-28,23.48186345,77.41652187,0.30292666,0.38004230,-0.38004230,0.45431241,28.56399805,20.21502358,6.04731906,Sesame,68.21090470,49.44554259,37.24737562,5.50959788,86.15000000,31.83014564
Field_76,2023-12-11,23.48186345,77.41652187,0.30184832,0.35041938,-0.35041938,0.45268888,30.08768645,6.77869680,13.01565948,Sesame,88.93376959,65.80713244,35.67820299,5.41836893,72.41991462,44.68322313
Field_76,2023-11-27,23.48186345,77.41652187,0.40274697,0.41872892,-0.41872892,0.60401562,25.56903773,26.09794831,13.67608543,Sesame,55.28276770,56.54475215,35.15423277,6.26736834,81.55089354,47.87562712
Field_76,2023-12-12,23.48186345,77.41652187,0.66433896,0.58017641,-0.58017641,0.99634526,14.65321737,13.23834048,8.80662005,Sesame,86.95959288,67.51256919,24.90152813,6.10081946,71.31109510,42.64884804
Field_76,2023-12-27,23.48186345,77.41652187,0.63945551,0.55172756,-0.55172756,0.95905559,16.36007136,5.17341650,8.65139173,Sesame,98.95000000,57.75160445,40.96549669,6.47230625,76.02138159,42.12721340
Field_77,2023-01-01,21.18610765,81.67666203,0.35083559,0.43117502,-0.43117502,0.52616330,25.46364996,10.80773173,6.35495337,Sesame,82.37445561,66.59463245,33.80820293,5.96542170,73.85034776,32.87341492
Field_77,2023-01-16,21.18610765,81.67666203,0.27405163,0.29315509,-0.29315509,0.41101573,33.29573557,9.63463742,12.90370694,Sesame,83.36806287,75.38402877,23.94525305,5.95025205,81.27589644,44.44327120
Field_77,2023-01-31,21.18610765,81.67666203,0.38766835,0.44459682,-0.44459682,0.58141105,24.40210579,14.02309395,6.65223912,Sesame,69.25279062,36.62847213,56.42645663,6.45002078,80.32752761,34.08360728
Field_77,2023-02-15,21.18610765,81.67666203,0.34433069,0.40472739,-0.40472739,0.51641654,26.88061536,13.40705203,6.35871648,Sesame,63.04941916,34.90037446,54.23715153,6.07610944,75.08869151,33.04033800
Field_77,2023-02-03,21.18610765,81.67666203,0.32494083,0.40362412,-0.40362412,0.48733540,27.13497889,11.41815908,12.80586606,Sesame,78.56037908,54.26283841,31.00175570,5.95031740,69.75745395,44.62062697
Field_77,2023-03-17,21.18610765,81.67666203,0.25604037,0.31436356,-0.31436356,0.38400543,32.39668547,19.35244118,5.78201975,Sesame,98.95000000,50.40170756,49.28519111,6.79294915,74.81554661,31.04769368
Field_77,2023-01-04,21.18610765,81.67666203,0.27098191,0.35588742,-0.35588742,0.40641542,30.12369924,5.84611259,13.13325670,Sesame,79.02175582,61.15545754,62.20755766,6.37287149,86.15000000,43.47303077
Field_77,2023-01-05,21.18610765,81.67666203,0.27990833,0.29790094,-0.29790094,0.41981196,32.99357787,8.57013983,13.44841723,Sesame,80.17440423,59.45483760,55.54618490,6.62689132,66.68112105,44.90230968
Field_77,2023-05-16,21.18610765,81.67666203,0.36615809,0.41804690,-0.41804690,0.54916835,25.97754256,11.24058923,13.76734087,Sesame,98.95000000,54.05027483,40.44084334,5.34634890,86.15000000,46.51937706
Field_77,2023-05-31,21.18610765,81.67666203,0.28014784,0.37083187,-0.37083187,0.42016981,29.26695997,21.03765836,5.21943468,Sesame,56.68596807,55.52627001,37.93829323,5.85471612,62.20071928,31.08942445
Field_77,2023-06-15,21.18610765,81.67666203,0.22745356,0.32639266,-0.32639266,0.34113700,32.07438035,29.43566132,12.22916933,Sesame,68.39773081,47.85148809,26.79018254,5.89516187,69.33643052,41.75163646
Field_77,2023-09-28,21.18610765,81.67666203,0.64722204,0.58517539,-0.58517539,0.97069084,14.57276019,16.49376938,15.87374214,Sesame,85.01906737,56.20627535,42.00482934,6.41485951,72.53590657,55.92966594
Field_77,2023-10-13,21.18610765,81.67666203,0.66500831,0.61030585,-0.61030585,0.99737136,13.10784044,19.93859030,8.74170639,Sesame,63.36311980,60.58489134,44.69155634,6.41735682,71.51196680,42.20024225
Field_77,2023-10-28,21.18610765,81.67666203,0.51651753,0.50186967,-0.50186967,0.77466864,20.16158330,27.77096038,14.71564479,Sesame,91.33761901,62.85226507,32.48065173,6.02387330,72.15541852,51.53750228
Field_77,2023-12-11,21.18610765,81.67666203,0.45933206,0.50616026,-0.50616026,0.68890195,20.52651498,6.67821013,7.14802897,Sesame,66.44437195,79.14330548,34.11503521,5.85102685,72.52098251,35.88846313
Field_77,2023-11-27,21.18610765,81.67666203,0.38638048,0.45335760,-0.45335760,0.57948233,23.96789487,19.06529345,13.97431196,Sesame,93.48987838,63.01802689,32.02542281,6.21251473,71.71341247,46.86365592
Field_77,2023-12-12,21.18610765,81.67666203,0.35123948,0.40589773,-0.40589773,0.52677623,26.75029392,12.34228433,6.41798547,Sesame,91.18675303,46.03273215,44.37737290,6.15505617,65.66017708,33.29072263
Field_77,2023-12-27,21.18610765,81.67666203,0.36224560,0.42926291,-0.42926291,0.54328064,25.44476146,14.28586182,6.46126125,Sesame,80.07839520,53.46632325,53.41465635,6.15890813,76.06840710,33.34288609
Field_78,2023-01-01,19.64200253,75.40278594,0.48312931,0.52409983,-0.52409983,0.72456817,19.36740393,19.50160760,7.31830973,Sesame,63.22384680,41.35500541,51.34336181,6.48574194,66.87997814,36.52485739
Field_78,2023-01-16,19.64200253,75.40278594,0.45684138,0.50416353,-0.50416353,0.68514606,20.65391343,19.97587343,7.13109497,Sesame,84.53093007,43.41069017,50.76156269,6.11007043,66.26883297,35.82586697
Field_78,2023-01-31,19.64200253,75.40278594,0.43733142,0.47963294,-0.47963294,0.65588988,22.10580580,18.60967263,7.01443853,Sesame,93.74968695,59.53385903,47.17559045,5.67079390,80.51639125,35.46072272
Field_78,2023-02-15,19.64200253,75.40278594,0.42075058,0.49105792,-0.49105792,0.63102694,21.69173433,15.85105083,6.83851310,Sesame,79.00395208,65.25637551,63.75515889,6.00234245,83.56569038,34.63653999
Field_78,2023-02-03,19.64200253,75.40278594,0.47526925,0.57337802,-0.57337802,0.71279477,16.93131775,21.56568831,7.13297652,Sesame,77.41027280,43.02440279,41.05877165,6.64364643,74.56857801,35.45029003
Field_78,2023-03-17,19.64200253,75.40278594,0.37730003,0.43753023,-0.43753023,0.56586359,24.86884703,28.42633353,13.96678574,Sesame,74.28506016,34.09941198,57.14170036,6.76244065,83.39668442,46.75932899
Field_78,2023-01-04,19.64200253,75.40278594,0.30985557,0.39344085,-0.39344085,0.46471477,27.80904521,24.53373559,6.07742394,Sesame,98.95000000,44.63410463,62.29044657,6.37018860,79.32574400,31.88230910
Field_78,2023-04-16,19.64200253,75.40278594,0.25342002,0.33819252,-0.33819252,0.38007314,31.20663579,31.36472393,5.70299442,Sesame,61.49811667,43.98856666,33.20081595,7.05091632,70.92974607,30.56778981
Field_78,2023-01-05,19.64200253,75.40278594,0.27187050,0.36201276,-0.36201276,0.40759325,29.80183749,19.08066940,12.90464772,Sesame,74.23478046,64.32559003,58.48857057,6.43571854,66.30191699,43.28524230
Field_78,2023-05-16,19.64200253,75.40278594,0.20561403,0.31637900,-0.31637900,0.30837529,32.80876597,23.20295477,5.32668334,Sesame,77.09163054,48.41442746,49.45262950,6.79156291,70.07965324,29.06548206
Field_78,2023-05-31,19.64200253,75.40278594,0.16633291,0.27341021,-0.27341021,0.24946191,35.40411335,26.18125761,5.07737725,Sesame,98.95000000,53.97778721,38.35554830,6.48431504,65.38007459,28.22043394
Field_78,2023-06-15,19.64200253,75.40278594,0.14346496,0.25584066,-0.25584066,0.21516519,36.53483876,42.65291668,11.73526103,Sesame,61.74963242,34.70508492,54.93745138,7.06279260,72.93824686,39.34168443
Field_78,2023-09-28,19.64200253,75.40278594,0.68312944,0.62029591,-0.62029591,1.02455482,12.41263528,32.20607019,19.07238632,Sesame,74.11623680,56.16719433,39.80522274,6.39943455,77.98853953,58.53783913
Field_78,2023-10-13,19.64200253,75.40278594,0.68848585,0.63939354,-0.63939354,1.03258630,11.38272262,28.70526527,8.88282305,Sesame,84.74589304,53.64144652,18.96000000,6.42995849,73.34497393,42.64884804
Field_78,2023-10-28,19.64200253,75.40278594,0.59753745,0.58007867,-0.58007867,0.89617509,15.34044356,36.09356932,8.20922621,Sesame,56.63251845,50.02283897,32.70282217,6.66483193,71.02252580,40.07197293
Field_78,2023-12-11,19.64200253,75.40278594,0.51264816,0.52269924,-0.52269924,0.76886264,19.13745182,24.35951628,14.31863660,Sesame,57.95168977,51.20778238,31.46184833,6.15876558,82.74202128,50.84894456
Field_78,2023-11-27,19.64200253,75.40278594,0.54196760,0.57394031,-0.57394031,0.81283749,16.22142302,26.14175783,14.95366155,Sesame,79.13945254,45.35200169,42.42232154,6.54895628,76.03501342,51.52706959
Field_78,2023-12-12,19.64200253,75.40278594,0.59054127,0.56988726,-0.56988726,0.88566740,15.93231246,20.77211090,8.17065433,Sesame,92.37680546,40.02761047,39.26739650,5.64690155,74.74032014,39.95721331
Field_78,2023-12-27,19.64200253,75.40278594,0.57095669,0.56678878,-0.56678878,0.85629128,16.29054942,23.42827863,8.00319590,Sesame,78.84658152,59.37131730,45.62408971,5.76786992,67.52211060,39.24779020
Field_79,2023-01-16,25.33597136,83.14864732,0.18065471,0.20963812,-0.20963812,0.27095307,38.51432805,10.39775573,5.35490667,Pulses,71.83848607,68.28358016,50.17843088,6.03312899,73.62847904,29.77490516
Field_79,2023-01-31,25.33597136,83.14864732,0.20993463,0.23857847,-0.23857847,0.31486777,36.73747530,6.58124912,5.54870688,Pulses,72.41036356,66.76227585,38.37068192,5.75387998,67.81656622,30.45303019
Field_79,2023-02-15,25.33597136,83.14864732,0.17337455,0.21592555,-0.21592555,0.26003373,38.26761562,6.29559556,5.27494057,Pulses,80.05379122,60.19921228,39.16862393,5.81648991,70.82698648,29.39932822
Field_79,2023-02-03,25.33597136,83.14864732,0.18360891,0.22583127,-0.22583127,0.27537901,37.65726440,7.99053840,12.36370054,Pulses,45.91634152,62.34247132,48.50169705,6.07288933,86.15000000,41.70990569
Field_79,2023-03-17,25.33597136,83.14864732,0.13796548,0.19472699,-0.19472699,0.20692365,39.71173553,23.22465849,11.92341657,Pulses,95.61945216,56.83684785,49.61152659,6.19849212,77.54536650,40.18673255
Field_79,2023-01-04,25.33597136,83.14864732,0.14023573,0.19377555,-0.19377555,0.21033000,39.73713436,14.16384568,5.03127914,Pulses,88.32840989,43.38219927,49.72966332,6.29312072,79.21528633,28.46038588
Field_79,2023-04-16,25.33597136,83.14864732,0.12342347,0.18766586,-0.18766586,0.18511693,40.22082304,23.60456342,4.89486638,Pulses,84.58368423,39.21164416,37.29780385,6.98729008,74.52166717,27.97004931
Field_79,2023-01-05,25.33597136,83.14864732,0.14474443,0.18542967,-0.18542967,0.21709478,40.11726444,10.52402793,12.15861100,Pulses,69.13013315,52.70997245,41.27698077,5.54451970,74.06568570,40.72923257
Field_79,2023-05-16,25.33597136,83.14864732,0.11572209,0.16945005,-0.16945005,0.17356682,41.22965507,20.87590226,4.86946538,Pulses,79.20727277,54.68551551,43.50072955,6.24907133,74.56769135,28.28303010
Field_79,2023-05-31,25.33597136,83.14864732,0.11105388,0.16846253,-0.16846253,0.16656506,41.32775840,26.48282274,4.82995271,Pulses,69.52789765,43.06227979,42.68816353,7.11885138,59.38019386,28.31432818
Field_79,2023-06-15,25.33597136,83.14864732,0.07036589,0.12551610,-0.12551610,0.10553839,43.93633204,34.29703681,11.60543371,Pulses,76.82717074,49.41281994,39.97078888,7.11783483,66.73220841,40.76053065
Field_79,2023-08-29,25.33597136,83.14864732,0.04135757,0.03872566,-0.03872566,0.06203631,48.66448948,33.31892155,11.18866919,Pulses,59.69911756,41.97598566,49.08500254,6.54499091,73.36624168,41.98115570
Field_79,2023-10-13,25.33597136,83.14864732,0.20313301,0.22460093,-0.22460093,0.30466302,37.52069341,13.29397585,5.52048355,Pulses,81.85682205,58.16143283,43.55652430,6.16941617,74.65402184,30.41129942
Field_79,2023-10-28,25.33597136,83.14864732,0.18280325,0.22977139,-0.22977139,0.27417152,37.46429266,21.31551001,12.25268877,Pulses,68.56771878,48.90942310,30.17412424,6.00839357,67.14301007,41.55341530
Field_79,2023-12-11,25.33597136,83.14864732,0.12196576,0.15764374,-0.15764374,0.18293125,41.76877123,13.76112624,4.95319459,Pulses,82.69225974,54.95413154,21.31834370,5.76643487,70.58486917,28.44995318
Field_79,2023-11-27,25.33597136,83.14864732,0.13285262,0.19430530,-0.19430530,0.19925767,39.78548558,13.39727902,12.40791709,Pulses,61.75930090,58.17361510,35.81156398,6.42463029,65.25081542,40.27019409
Field_79,2023-12-12,25.33597136,83.14864732,0.13107403,0.18486488,-0.18486488,0.19658783,40.28571922,14.58794567,4.97012859,Pulses,70.44287493,45.45848143,43.96807467,5.93619479,72.67161887,28.25173202
Field_79,2023-12-27,25.33597136,83.14864732,0.10240636,0.12846716,-0.12846716,0.15359367,43.45841258,11.63933170,11.89707480,Pulses,92.40890327,45.66907601,41.49526164,6.09694269,67.34670482,40.78139604
Field_80,2023-01-01,23.62917775,77.55166900,0.74945769,0.66482608,-0.66482608,1.12405131,9.46132812,8.23162839,9.36826434,Pulses,80.05887597,64.14570951,26.63805913,5.55292408,74.11039411,44.61019428
Field_80,2023-01-16,23.62917775,77.55166900,0.77848373,0.70604931,-0.70604931,1.16758905,7.05985043,9.87499573,9.53007810,Pulses,92.75717976,72.53764141,23.99928987,5.57823674,77.78875504,43.96336733
Field_80,2023-01-31,23.62917775,77.55166900,0.68777524,0.59576376,-0.59576376,1.03154919,13.61790726,6.82403982,8.97878237,Pulses,71.66458549,53.85203246,35.80385855,5.63877885,73.48117491,43.30610769
Field_80,2023-02-15,23.62917775,77.55166900,0.76173777,0.72007489,-0.72007489,1.14246356,6.51466728,12.44146017,9.34756723,Pulses,74.21482101,59.10643127,23.85592659,6.37709933,69.86598002,43.81730963
Field_80,2023-02-03,23.62917775,77.55166900,0.58563900,0.62024727,-0.62024727,0.87834682,13.41077649,11.55232112,8.00884056,Pulses,85.76462517,60.67652841,50.26553789,6.26112802,64.89359004,38.97654019
Field_80,2023-03-17,23.62917775,77.55166900,0.39229344,0.49546870,-0.49546870,0.58835268,21.75712997,27.48922547,13.92256919,Pulses,66.16688403,37.46811545,60.01682429,6.29769569,81.36964241,46.40461744
Field_80,2023-01-04,23.62917775,77.55166900,0.19320127,0.31685712,-0.31685712,0.28976483,32.91112079,11.32775002,5.21473079,Pulses,63.73515854,56.62188501,25.94571969,5.62831764,57.24986340,28.58557819
Field_80,2023-04-16,23.62917775,77.55166900,0.16117190,0.27146892,-0.27146892,0.24172403,35.55595261,16.11954630,5.03504225,Pulses,69.09182143,57.71558490,29.23249890,5.86590295,83.82020726,28.05351086
Field_80,2023-01-05,23.62917775,77.55166900,0.17315188,0.27451340,-0.27451340,0.25968739,35.27813810,9.28368171,5.13570547,Pulses,89.68463736,70.32485177,36.71428207,6.01597499,74.16799023,28.47081857
Field_80,2023-05-16,23.62917775,77.55166900,0.14750526,0.24485587,-0.24485587,0.22122544,37.05450702,16.48186341,12.10028278,Pulses,85.77981045,51.81745724,58.45368180,5.77605737,79.64596862,39.87375176
Field_80,2023-05-31,23.62917775,77.55166900,0.16134745,0.26863770,-0.26863770,0.24198621,35.69873435,20.40455570,5.04350925,Pulses,80.40577815,37.12744292,41.99110243,6.48297022,68.64730442,28.10567432
Field_80,2023-06-15,23.62917775,77.55166900,0.13335597,0.24677812,-0.24677812,0.20000631,37.10085337,30.34082194,4.84500516,Pulses,69.47250091,45.15558997,37.63843973,6.54416766,86.15000000,27.36495313
Field_80,2023-08-29,23.62917775,77.55166900,0.66292521,0.61448879,-0.61448879,0.99427574,12.91551571,28.03930068,16.21524444,Pulses,70.51620051,55.70512797,55.18716941,6.02770066,70.79049085,56.26351211
Field_80,2023-09-13,23.62917775,77.55166900,0.66292521,0.61448879,-0.61448879,0.99427574,12.91551571,10.63277834,15.64607393,Pulses,91.75791534,48.91789723,54.09969873,6.56567430,63.22990169,55.95053132
Field_80,2023-10-13,23.62917775,77.55166900,0.32794797,0.40604175,-0.40604175,0.49184882,26.98081269,19.73494114,6.20913282,Pulses,88.37289314,47.70357674,26.95677955,5.54307134,77.12291620,32.38307836
Field_80,2023-10-28,23.62917775,77.55166900,0.27202021,0.36637359,-0.36637359,0.40796454,29.57762593,29.78828099,5.80271685,Pulses,69.08783646,37.06609885,28.74769854,6.80865916,69.56002910,30.84947252
Field_80,2023-12-11,23.62917775,77.55166900,0.28524684,0.38140898,-0.38140898,0.42779613,28.67477109,12.81567940,12.63934840,Pulses,54.48868784,59.00496187,38.00695823,5.71851113,76.52441726,43.34783846
Field_80,2023-11-27,23.62917775,77.55166900,0.31460475,0.35304365,-0.35304365,0.47183212,29.82340024,22.02307502,8.85459972,Pulses,73.33798558,54.54645996,39.49096798,6.28066801,72.81497527,43.12875191
Field_80,2023-12-12,23.62917775,77.55166900,0.58923055,0.52188990,-0.52188990,0.88371974,18.39665363,9.31555486,8.27225832,Pulses,75.51690858,65.45338465,36.41783671,5.96589804,73.65560216,40.65620372
Field_80,2023-12-27,23.62917775,77.55166900,0.58923055,0.52188990,-0.52188990,0.88371974,18.39665363,7.07769252,8.27225832,Pulses,85.48927286,72.56854746,47.15766160,5.89095222,65.74503827,40.65620372
Field_81,2023-01-01,22.25718307,73.17715686,0.24116020,0.29052910,-0.29052910,0.36167790,33.76574639,7.02818301,5.70581675,Pulses,94.49834368,51.90381549,49.30911829,5.80864123,73.34225420,30.83903983
Field_81,2023-01-16,22.25718307,73.17715686,0.24091011,0.29764438,-0.29764438,0.36130369,33.40496285,7.29342851,5.68700120,Pulses,76.71523058,67.12349258,26.99060807,5.81926709,69.69064084,30.72428021
Field_81,2023-01-31,22.25718307,73.17715686,0.24582504,0.30594838,-0.30594838,0.36867303,32.93072905,5.19850240,13.00248860,Pulses,98.95000000,60.41569795,18.96000000,6.28191234,86.15000000,43.21221345
Field_81,2023-02-15,22.25718307,73.17715686,0.22959230,0.30156442,-0.30156442,0.34432981,33.32037598,9.64727914,5.57598943,Pulses,64.37579814,54.82509401,46.83766199,6.53499347,62.62105213,30.22351095
Field_81,2023-02-03,22.25718307,73.17715686,0.20797861,0.26886692,-0.26886692,0.31192012,35.21079137,11.57187714,5.46027377,Pulses,84.55171883,46.05017238,64.82845062,6.04711208,83.60753655,29.90009748
Field_81,2023-03-17,22.25718307,73.17715686,0.24766924,0.29903018,-0.29903018,0.37144626,33.26516781,26.97400732,12.91405549,Pulses,64.55021569,45.43621315,60.65455922,6.07406402,61.25224652,43.33740576
Field_81,2023-01-04,22.25718307,73.17715686,0.23249752,0.29293115,-0.29293115,0.34869600,33.73155792,7.14076098,5.62208754,Pulses,96.39618793,59.62033184,41.52741908,6.17554296,74.51982628,30.47389558
Field_81,2023-04-16,22.25718307,73.17715686,0.21793360,0.28739795,-0.28739795,0.32685531,34.16284677,20.13875421,5.50543110,Pulses,98.95000000,52.38115443,47.86556436,6.47402007,75.62619508,29.99399171
Field_81,2023-01-05,22.25718307,73.17715686,0.20958308,0.28322113,-0.28322113,0.31433211,34.46141631,7.95810180,12.24704410,Pulses,61.78052505,73.21596236,51.62254678,6.09493468,70.39575821,41.75163646
Field_81,2023-05-16,22.25718307,73.17715686,0.21000628,0.27194923,-0.27194923,0.31496898,35.03268682,28.78369561,12.95544971,Pulses,89.20365786,52.86056937,37.41730807,6.67667388,60.94377564,42.33586726
Field_81,2023-05-31,22.25718307,73.17715686,0.22906874,0.29597412,-0.29597412,0.34355791,33.61118808,21.14969025,5.58445643,Pulses,83.00553129,59.41712486,39.68009865,6.17467725,83.39130952,30.29653980
Field_81,2023-06-15,22.25718307,73.17715686,0.14776708,0.17603007,-0.17603007,0.22159624,40.56637952,26.78620106,12.52081041,Pulses,74.09561124,48.37902892,37.19313221,6.54595779,84.03065373,41.18827105
Field_81,2023-09-28,22.25718307,73.17715686,0.35412356,0.35522136,-0.35522136,0.53111305,29.30859615,27.34497894,13.92445074,Pulses,69.36748498,55.43242428,51.35178670,6.36107818,60.56217999,47.12447324
Field_81,2023-10-13,22.25718307,73.17715686,0.32932402,0.32960232,-0.32960232,0.49391929,30.87009107,29.55687667,6.40199225,Pulses,82.03878755,70.23435433,35.93955265,6.31568009,61.27506681,33.63500149
Field_81,2023-10-28,22.25718307,73.17715686,0.31365131,0.34046306,-0.34046306,0.47040596,30.47555753,15.54369097,6.23641537,Pulses,77.20583855,58.95804354,30.79370304,6.52284167,72.05633320,32.86298222
Field_81,2023-12-11,22.25718307,73.17715686,0.27567482,0.31910718,-0.31910718,0.41345144,31.95393097,13.38520094,5.94665584,Pulses,82.90858697,50.98137367,39.46897686,6.09953540,61.65206852,31.72581871
Field_81,2023-11-27,22.25718307,73.17715686,0.30124338,0.35634544,-0.35634544,0.45179209,29.79125420,23.92495704,12.67886107,Pulses,91.28627913,60.13423693,40.39175530,5.74339831,75.45013690,44.38067504
Field_81,2023-12-12,22.25718307,73.17715686,0.29025431,0.29639105,-0.29639105,0.43531654,32.96501738,10.14163213,6.13010749,Pulses,80.95655660,47.38977663,36.54643979,6.04648335,68.28760382,32.64389568
Field_81,2023-12-27,22.25718307,73.17715686,0.29636345,0.31360419,-0.31360419,0.44447182,32.02364717,5.56284942,6.14421916,Pulses,81.68165113,62.60210949,56.14067346,7.12566613,61.81378718,32.61259760
Field_82,2023-01-01,27.06816255,75.98283023,0.71710014,0.71959819,-0.71959819,1.07550971,6.99488835,13.59468449,8.94961826,Millets,77.14400546,71.53145846,19.46872875,6.16477717,55.29843410,42.50279034
Field_82,2023-01-16,27.06816255,75.98283023,0.68877077,0.69334048,-0.69334048,1.03302161,8.62504612,11.22721263,8.75864039,Millets,66.33304872,64.27129486,37.58493815,5.31275587,81.83160551,41.81423262
Field_82,2023-01-31,27.06816255,75.98283023,0.66875530,0.67254819,-0.67254819,1.00299496,9.89120694,14.80866564,15.34596585,Millets,93.36401466,65.50952531,37.09290637,5.59366580,71.49040128,55.09505052
Field_82,2023-02-15,27.06816255,75.98283023,0.62291502,0.64011227,-0.64011227,0.93424896,12.01568770,10.08422643,8.29483698,Millets,76.20749476,53.85718787,35.33737178,6.07393276,76.69529986,40.11370370
Field_82,2023-02-03,27.06816255,75.98283023,0.48623496,0.55584983,-0.55584983,0.72925027,17.71439244,12.35079777,7.27221162,Millets,97.69378256,59.56314203,40.25406982,6.46925686,72.40767018,36.14928045
Field_82,2023-03-17,27.06816255,75.98283023,0.29075297,0.34892956,-0.34892956,0.43607072,30.27707878,17.27782769,3.10268486,Millets,90.91029849,36.95138082,42.23098960,5.78153488,79.32220381,42.27327110
Field_82,2023-01-04,27.06816255,75.98283023,0.34506445,0.43778463,-0.43778463,0.51753150,25.18507419,9.16200694,6.28815815,Millets,98.95000000,55.94322693,39.33009273,6.47068754,68.37461973,32.55000144
Field_82,2023-04-16,27.06816255,75.98283023,0.28079159,0.38102516,-0.38102516,0.42112276,28.73987140,25.99311892,5.84693341,Millets,86.51289743,49.95806733,28.84418259,6.27972961,65.93221394,30.95379945
Field_82,2023-01-05,27.06816255,75.98283023,0.12277711,0.09758806,-0.09758806,0.18414521,44.82719046,14.61087459,5.10089669,Millets,66.02830655,42.33010656,39.16259309,6.08987596,83.06677858,29.38889553
Field_82,2023-05-16,27.06816255,75.98283023,0.30551536,0.40352291,-0.40352291,0.45822536,27.33853739,12.63734092,13.27625491,Millets,98.95000000,61.59046359,18.96000000,5.86505426,67.13566156,44.14072311
Field_82,2023-05-31,27.06816255,75.98283023,0.45760804,0.48083426,-0.48083426,0.68634613,21.83737848,10.25173417,7.19224552,Millets,79.00283480,53.34353773,52.32118867,6.08569002,64.64255910,36.22230930
Field_82,2023-06-15,27.06816255,75.98283023,0.41354113,0.46006628,-0.46006628,0.62024923,23.34793224,27.83295585,6.84698010,Millets,72.24863409,40.94496872,32.14784293,6.42378533,67.14419137,34.84519385
Field_82,2023-08-14,27.06816255,75.98283023,0.58399011,0.56451432,-0.56451432,0.87588902,16.27358459,26.62569167,15.57269327,Millets,69.93897570,44.52276768,33.82972060,6.62533580,74.49812721,53.64490622
Field_82,2023-08-29,27.06816255,75.98283023,0.51320949,0.52487903,-0.52487903,0.76972557,19.02040956,29.22385974,7.58549060,Millets,74.91030448,50.85883066,45.04424226,6.92553363,64.70725829,37.68288628
Field_82,2023-09-13,27.06816255,75.98283023,0.56370090,0.58415353,-0.58415353,0.84535582,15.47793177,17.16099290,14.65543502,Millets,67.72965336,57.22962701,26.09878736,5.94703504,55.99987482,52.03827153
Field_82,2023-09-28,27.06816255,75.98283023,0.47388946,0.51126116,-0.51126116,0.71074555,20.11736792,12.84731138,7.26656696,Millets,67.34080578,54.04333152,32.32574708,5.99482424,49.46243775,36.36836699
Field_82,2023-10-13,27.06816255,75.98283023,0.38505025,0.47043402,-0.47043402,0.57750010,23.10948368,10.19658341,6.56850990,Millets,76.61274325,46.87269306,37.47250732,5.96331902,72.65365942,33.58283802
Field_82,2023-10-28,27.06816255,75.98283023,0.31793889,0.42946203,-0.42946203,0.47684413,25.88709238,27.77490385,13.28942579,Millets,91.88470663,62.95903419,37.22465916,5.97707512,56.76882274,44.21375196
Field_82,2023-12-11,27.06816255,75.98283023,0.32890428,0.42526865,-0.42526865,0.49329142,25.98923674,5.95676445,6.17244249,Millets,60.93757441,56.33615062,37.10725457,5.25256808,70.20797286,32.12226104
Field_82,2023-11-27,27.06816255,75.98283023,0.25338318,0.27578272,-0.27578272,0.38002966,34.39392912,18.56042387,12.73530773,Millets,60.24314645,68.06325633,26.69396365,6.20622753,75.45301394,43.82774232
Field_82,2023-12-12,27.06816255,75.98283023,0.49528335,0.54022316,-0.54022316,0.74281432,18.41994837,9.62078665,7.38980884,Millets,83.04128797,75.89334981,24.17213786,5.63934971,71.90763505,36.74394393
Field_82,2023-12-27,27.06816255,75.98283023,0.61793940,0.64912205,-0.64912205,0.92677838,11.60642462,5.95093589,8.22992332,Millets,64.71747555,62.09706756,29.46367247,6.25700675,78.16482515,39.77985753
Field_83,2023-01-01,22.47174656,73.30337934,0.50244262,0.50679896,-0.50679896,0.75354626,20.05361733,13.90739470,7.53186627,Millets,82.22268048,53.17968191,46.49068669,5.52614755,75.25222211,37.54726128
Field_83,2023-01-16,22.47174656,73.30337934,0.51639068,0.53794233,-0.53794233,0.77446847,18.32085128,6.53064604,7.58360904,Millets,98.95000000,59.60851309,33.65090379,5.68179387,80.79943163,37.59942474
Field_83,2023-01-31,22.47174656,73.30337934,0.52823987,0.55644300,-0.55644300,0.79222666,17.25511179,14.44590141,15.00540432,Millets,58.76248497,51.89486527,38.01790810,6.75090199,78.15464834,51.29755035
Field_83,2023-02-15,22.47174656,73.30337934,0.45422739,0.50565639,-0.50565639,0.68122506,20.60437830,6.04431359,7.10381242,Millets,81.22550566,75.78942355,43.12921771,6.04680911,86.15000000,35.70067466
Field_83,2023-02-03,22.47174656,73.30337934,0.34763051,0.40887701,-0.40887701,0.52136382,26.63501672,6.50449759,6.37847281,Millets,83.01272915,38.76642186,59.39230356,6.02519758,57.54417681,33.10293416
Field_83,2023-03-17,22.47174656,73.30337934,0.35910324,0.44520411,-0.44520411,0.53857368,24.66282671,16.73180338,13.10032948,Millets,88.66189620,61.97601326,34.21625415,5.58489092,69.59330621,45.45524240
Field_83,2023-01-04,22.47174656,73.30337934,0.34435440,0.42207551,-0.42207551,0.51645211,25.99450220,10.02870216,6.31826304,Millets,60.49511318,54.56965209,47.34391597,6.22117435,77.73056416,32.76908799
Field_83,2023-04-16,22.47174656,73.30337934,0.33853123,0.41297518,-0.41297518,0.50772758,26.51867628,9.16384497,6.28815815,Millets,77.77412668,52.81366360,45.19447138,6.30172907,78.11355224,32.68562645
Field_83,2023-01-05,22.47174656,73.30337934,0.30717971,0.38666199,-0.38666199,0.46071139,28.18253163,5.27294186,6.06989772,Millets,77.84188575,48.96075740,27.67772188,6.04451859,73.75127371,31.89274180
Field_83,2023-05-16,22.47174656,73.30337934,0.25989367,0.35536316,-0.35536316,0.38979223,30.26371324,24.89017791,12.45307442,Millets,69.87665081,59.41877737,39.02884275,6.12212347,68.92285036,42.66971343
Field_83,2023-05-31,22.47174656,73.30337934,0.25391014,0.36461058,-0.36461058,0.38081570,29.85260845,20.79664499,5.64560698,Millets,93.42776999,57.11618632,31.93412479,6.36018324,86.15000000,30.18178018
Field_83,2023-06-15,22.47174656,73.30337934,0.19543955,0.25393896,-0.25393896,0.29309793,36.10113792,26.52637106,12.21129455,Millets,98.95000000,56.12971505,42.52604120,6.31706728,75.63944014,41.63687684
Field_83,2023-09-28,22.47174656,73.30337934,0.60607323,0.54147546,-0.54147546,0.90898190,17.22451725,29.12110485,6.10470650,Millets,78.17963395,49.63118088,41.66397130,6.35625721,82.80585810,51.43317535
Field_83,2023-10-13,22.47174656,73.30337934,0.07352531,0.01636610,-0.01636610,0.11027695,49.47774113,13.23539907,4.85253138,Millets,68.67629061,43.42446751,41.12601523,6.60240059,57.63092233,30.80774175
Field_83,2023-10-28,22.47174656,73.30337934,0.54103559,0.53561997,-0.53561997,0.81143389,18.18774568,11.99445032,7.80939569,Millets,86.35278128,61.42613085,45.31118082,6.88510091,61.93774742,38.58009786
Field_83,2023-12-11,22.47174656,73.30337934,0.49222762,0.51937174,-0.51937174,0.73824270,19.51592113,13.34917543,7.41144672,Millets,93.51443730,50.91809432,43.88461531,6.09836073,69.00909723,36.95259779
Field_83,2023-11-27,22.47174656,73.30337934,0.51995732,0.55253270,-0.55253270,0.77982505,17.53937722,16.15767729,14.41647748,Millets,93.48125245,66.19375285,40.36792751,6.49290542,69.56859739,50.71331955
Field_83,2023-12-12,22.47174656,73.30337934,0.49884847,0.49526549,-0.49526549,0.74815800,20.67927370,9.91988208,7.52716238,Millets,72.29084116,58.81266536,22.72705202,5.72376308,78.48316504,37.58899205
Field_83,2023-12-27,22.47174656,73.30337934,0.47443163,0.48413479,-0.48413479,0.71153430,21.49702197,13.38390283,7.33524373,Millets,68.52440824,64.69854832,49.13850741,6.05397074,86.15000000,36.81697278
Field_84,2023-01-16,27.41230827,80.50074790,0.54791799,0.51891280,-0.51891280,0.82175823,18.97059749,5.90990082,15.39112318,Millets,79.65554201,53.08646341,27.64496822,5.28972095,72.92029526,52.86245426
Field_84,2023-01-31,27.41230827,80.50074790,0.60494359,0.55479975,-0.55479975,0.90726918,16.55565796,7.33242301,8.33529043,Millets,91.61776219,46.71110233,42.32051558,6.52387447,71.46445320,40.75009796
Field_84,2023-02-15,27.41230827,80.50074790,0.64188468,0.62923519,-0.62923519,0.96267947,12.37738409,7.37455916,8.49051874,Millets,69.60818051,60.31444717,39.38481465,5.62663558,76.73025493,41.01091528
Field_84,2023-02-03,27.41230827,80.50074790,0.58103947,0.56127057,-0.56127057,0.87143397,16.46935928,10.66461205,8.10668144,Millets,79.45832317,68.98511669,48.96112966,5.94854955,69.36769130,39.72769407
Field_84,2023-03-17,27.41230827,80.50074790,0.58298045,0.58297174,-0.58297174,0.87433148,15.34137947,22.50512553,15.02704221,Millets,59.42326830,62.80326918,28.06608966,6.59254294,70.87316459,53.00851196
Field_84,2023-01-04,27.41230827,80.50074790,0.35744752,0.39413618,-0.39413618,0.53609847,27.28748795,12.42381039,4.72176328,Millets,84.58074195,41.56156321,48.37935419,6.22721954,67.84153764,33.70803034
Field_84,2023-04-16,27.41230827,80.50074790,0.27387280,0.34977658,-0.34977658,0.41076120,30.40622107,12.67939087,5.85822274,Millets,85.32380771,62.87639305,49.34602320,6.31323173,63.85300542,31.18331869
Field_84,2023-01-05,27.41230827,80.50074790,0.34786245,0.39358832,-0.39358832,0.52172490,27.41335556,13.69605437,13.57071833,Millets,57.80718224,54.89777412,18.96000000,5.25535406,78.05135063,46.09163666
Field_84,2023-05-16,27.41230827,80.50074790,0.33860035,0.40064480,-0.40064480,0.50784651,27.14761341,13.19117922,6.31732226,Millets,98.95000000,71.11869808,19.04514687,6.20469192,79.60462232,32.88384761
Field_84,2023-05-31,27.41230827,80.50074790,0.38782756,0.40434455,-0.40434455,0.58167963,26.45593677,12.91164043,6.74913922,Millets,82.34999048,66.86910743,30.49582573,6.10823979,76.50406348,34.72000154
Field_84,2023-06-15,27.41230827,80.50074790,0.36374573,0.38356728,-0.38356728,0.54556060,27.76285971,32.25721788,6.58262157,Millets,87.92200113,48.43592708,46.49594334,6.30935405,62.26973357,34.12533805
Field_84,2023-08-29,27.41230827,80.50074790,0.75045187,0.68583576,-0.68583576,1.12554447,8.37832854,34.91344014,16.37893976,Millets,61.21274698,49.73326837,47.68972098,7.30000000,76.01912684,58.60043529
Field_84,2023-09-13,27.41230827,80.50074790,0.75624666,0.67671185,-0.67671185,1.13422789,8.78505409,20.03124453,16.54263508,Millets,78.35357101,37.68342019,43.13793150,6.27045353,66.23128656,58.80908914
Field_84,2023-09-28,27.41230827,80.50074790,0.72263587,0.64317930,-0.64317930,1.08381825,10.84063543,26.19860722,9.17916802,Millets,91.60981222,58.63348290,37.16844335,6.03543810,69.55445663,43.91120387
Field_84,2023-10-13,27.41230827,80.50074790,0.66001241,0.62471404,-0.62471404,0.98989256,12.42311783,29.54891876,8.66268106,Millets,81.42901051,46.80805664,39.78714425,6.18111799,55.71806739,41.78293454
Field_84,2023-10-28,27.41230827,80.50074790,0.54458769,0.52705576,-0.52705576,0.81677457,18.58879453,18.91051837,7.86113846,Millets,97.01170172,51.37390868,35.37264519,5.85256139,76.74025930,38.85134787
Field_84,2023-12-11,27.41230827,80.50074790,0.55386375,0.54385701,-0.54385701,0.83066695,17.63611384,14.82543739,15.39488629,Millets,73.35959698,66.60040959,43.23157460,6.40631002,78.13548607,52.70596387
Field_84,2023-11-27,27.41230827,80.50074790,0.39647339,0.39157168,-0.39157168,0.59463400,27.01987665,27.23244477,14.33462982,Millets,63.43049976,41.60891933,30.18837073,6.59588587,69.87393388,48.41812714
Field_84,2023-12-12,27.41230827,80.50074790,0.49727785,0.48391812,-0.48391812,0.74580730,21.27476040,13.00557387,7.53939249,Millets,83.80339225,77.59584257,47.08870152,6.13377827,68.77538813,37.70375167
Field_84,2023-12-27,27.41230827,80.50074790,0.44824915,0.43738377,-0.43738377,0.67227188,24.15173161,5.06728842,14.23302583,Millets,89.13388380,60.59755615,55.80876627,5.64717453,64.79260014,49.64918489
Field_85,2023-01-01,10.04232101,76.10666307,-0.30241358,-0.63016768,0.63016768,-0.45289335,86.33199821,24.08984983,6.70115956,Coconut,87.22552370,34.80416788,37.20369566,6.04193928,67.32385265,46.94711746
Field_85,2023-01-16,10.04232101,76.10666307,-0.14480064,-0.40713461,0.40713461,-0.21689668,73.33327383,18.23413977,6.70115956,Coconut,95.86197785,40.21587717,40.69264346,5.65177707,72.23695288,46.94711746
Field_85,2023-01-31,10.04232101,76.10666307,-0.13559745,-0.33938463,0.33938463,-0.20319510,69.77967307,18.01607391,6.70115956,Coconut,94.87128978,51.30124808,29.64050799,6.07106935,58.53497839,46.94711746
Field_85,2023-02-15,10.04232101,76.10666307,-0.04023951,-0.17690412,0.17690412,-0.06032433,60.50882940,20.94377754,6.70115956,Coconut,57.55290774,38.59839369,35.21622673,5.79199085,79.10840047,44.62062697
Field_85,2023-02-03,10.04232101,76.10666307,-0.11668262,-0.19795269,0.19795269,-0.17494454,62.36436482,23.47159330,6.70115956,Coconut,80.35588432,59.95649032,40.20289250,6.90112358,63.93427587,45.19442508
Field_85,2023-03-17,10.04232101,76.10666307,0.02657077,-0.00108376,0.00108376,0.03984321,50.84834846,26.56335144,6.70115956,Coconut,91.42263802,49.22438427,48.01329083,6.60398423,69.77235847,41.66817492
Field_85,2023-01-04,10.04232101,76.10666307,-0.00169235,-0.03510966,0.03510966,-0.00253799,52.87450703,23.56083267,6.70115956,Coconut,85.41753037,65.33375545,53.81526345,5.36170968,72.19740006,42.28370379
Field_85,2023-04-16,10.04232101,76.10666307,0.00195559,0.07361175,-0.07361175,0.00293838,47.28546080,35.00517127,6.70115956,Coconut,80.91981927,36.41726307,40.41023810,6.11899948,59.93112715,40.57274218
Field_85,2023-10-13,10.04232101,76.10666307,-0.35251310,-0.57832001,0.57832001,-0.52801776,84.19608973,25.79888269,6.70115956,Coconut,85.23216115,66.40418673,49.60793177,6.48435340,69.27284886,46.94711746
Field_85,2023-12-11,10.04232101,76.10666307,-0.23401326,-0.45330606,0.45330606,-0.35072014,76.60210750,18.10002519,6.70115956,Coconut,83.01574441,49.75927224,40.07056706,5.44647612,68.33703104,46.94711746
Field_85,2023-11-27,10.04232101,76.10666307,-0.18844467,-0.57866832,0.57866832,-0.28155356,82.53826612,39.28893725,6.70115956,Coconut,70.38593162,52.99922963,37.28451384,7.12474498,75.31628654,46.94711746
Field_85,2023-12-27,10.04232101,76.10666307,-0.14681931,-0.40480468,0.40480468,-0.21984996,73.23491393,19.75252006,6.70115956,Coconut,79.32254937,61.37246116,51.25473126,6.22681924,71.55457487,46.94711746
Field_86,2023-01-16,11.03270965,79.94212518,-0.13273856,-0.36830203,0.36830203,-0.19885159,71.22712400,24.33056132,6.70115956,Coconut,60.40720884,53.11522627,41.66225954,6.24680588,80.40481747,46.94711746
Field_86,2023-01-31,11.03270965,79.94212518,-0.13273856,-0.36830203,0.36830203,-0.19885159,71.22712400,21.85185077,6.70115956,Coconut,97.56988383,48.70915922,62.27657635,6.49416130,65.97770921,46.94711746
Field_86,2023-02-15,11.03270965,79.94212518,-0.13065020,-0.30024614,0.30024614,-0.19576522,67.73056492,21.60943679,6.70115956,Coconut,73.70694189,54.03915146,38.70915012,5.81805062,70.74623811,46.84279053
Field_86,2023-02-03,11.03270965,79.94212518,-0.07545558,-0.27176263,0.27176263,-0.11306095,65.71237665,24.09932031,6.70115956,Coconut,50.58124840,42.90628164,38.98267838,6.18857602,69.04595088,46.21682897
Field_86,2023-01-04,11.03270965,79.94212518,-0.07022368,-0.26844210,0.26844210,-0.10509790,65.48938337,17.37680771,6.70115956,Coconut,79.48619326,64.93073104,25.24740294,6.55621288,73.69616622,46.15423281
Field_86,2023-04-16,11.03270965,79.94212518,-0.07228983,-0.15199712,0.15199712,-0.10836229,59.56429492,32.19990791,6.70115956,Coconut,88.37256136,59.72940465,40.38064697,6.06162731,83.85632894,44.33894427
Field_86,2023-05-16,11.03270965,79.94212518,-0.07767207,-0.16024127,0.16024127,-0.11641993,60.04024554,25.98460789,6.70115956,Coconut,72.83238524,44.54218562,46.22991853,5.89136209,58.31936570,44.48500197
Field_86,2023-05-31,11.03270965,79.94212518,-0.04241501,-0.08695653,0.08695653,-0.06358752,55.93793015,31.10780011,6.70115956,Coconut,62.25780570,49.55228317,30.17980327,6.54375165,74.93514585,43.22264614
Field_86,2023-06-15,11.03270965,79.94212518,-0.10125841,-0.27254529,0.27254529,-0.15178285,66.01586372,38.73352141,6.70115956,Coconut,66.27352500,55.57122919,40.75748011,6.32329308,76.28765446,46.31072320
Field_86,2023-06-30,11.03270965,79.94212518,-0.14402648,-0.39960063,0.39960063,-0.21584923,72.94064950,43.27351799,6.70115956,Coconut,98.95000000,51.86952550,45.80059086,7.21968280,73.25202233,46.94711746
Field_86,2023-07-30,11.03270965,79.94212518,-0.02085541,-0.07219993,0.07219993,-0.03126513,54.96420829,38.29371969,6.70115956,Coconut,77.19286931,37.29459909,51.35255197,6.17934321,81.11918535,42.93053075
Field_86,2023-09-13,11.03270965,79.94212518,-0.00628368,-0.06562088,0.06562088,-0.00943002,54.47943403,27.38459041,6.70115956,Coconut,78.26311071,47.13626483,48.60420415,6.20245250,79.32797205,42.77404035
Field_86,2023-09-28,11.03270965,79.94212518,-0.09036525,-0.20611831,0.20611831,-0.13541222,62.51256116,28.31472291,6.70115956,Coconut,57.02697313,30.60424119,61.47761765,6.95967746,69.93753951,45.23615585
Field_86,2023-10-13,11.03270965,79.94212518,-0.23509493,-0.52613225,0.52613225,-0.35239063,80.33197760,29.43894688,6.70115956,Coconut,87.41742926,48.19099064,20.73143518,6.21663202,79.81607329,46.94711746
Field_87,2023-01-01,12.53538658,74.74685314,-0.19962733,-0.40566990,0.40566990,-0.29890109,73.81841730,23.75003549,6.70115956,Coconut,70.65395616,65.66635443,19.53290966,6.57040688,71.47183765,46.94711746
Field_87,2023-01-16,12.53538658,74.74685314,-0.13828031,-0.35723916,0.35723916,-0.20707267,70.71880287,21.12056653,6.70115956,Coconut,67.39272552,43.93355529,40.71825189,6.53879600,59.27358169,46.94711746
Field_87,2023-01-31,12.53538658,74.74685314,-0.14462495,-0.31340795,0.31340795,-0.21667328,68.54538680,19.28961547,6.70115956,Coconut,74.36746499,29.96000000,35.88625049,6.11699274,59.42561471,46.94711746
Field_87,2023-02-15,12.53538658,74.74685314,-0.14147889,-0.28669266,0.28669266,-0.21198584,67.14905698,19.48128366,6.70115956,Coconut,87.32538907,53.65430431,38.02037808,6.60361796,71.50954074,46.65500206
Field_87,2023-02-03,12.53538658,74.74685314,-0.12545407,-0.29262309,0.29262309,-0.18788831,67.28823105,17.90669800,6.70115956,Coconut,88.41734430,69.98934359,32.29298197,5.65397272,72.19327391,46.70716553
Field_87,2023-03-17,12.53538658,74.74685314,-0.13533880,-0.23837742,0.23837742,-0.20281251,64.61916191,21.82524585,6.70115956,Coconut,77.22970600,59.21899876,43.74222279,6.21370245,78.85614432,45.88298280
Field_87,2023-01-04,12.53538658,74.74685314,-0.00860387,-0.04323618,0.04323618,-0.01290556,53.36006934,23.10398175,6.70115956,Coconut,63.90800383,50.39740146,39.12243141,6.30044694,67.43498856,42.42976149
Field_87,2023-04-16,12.53538658,74.74685314,-0.11632699,-0.18931826,0.18931826,-0.17426809,61.91982128,25.26804617,6.70115956,Coconut,67.43171167,47.01047022,33.40439219,6.62510252,66.80477079,45.05880007
Field_87,2023-01-05,12.53538658,74.74685314,-0.11627209,-0.23931650,0.23931650,-0.17420277,64.47238942,22.74409367,6.70115956,Coconut,86.38061081,47.66661790,47.87360623,5.80981440,83.39594469,45.84125203
Field_87,2023-10-13,12.53538658,74.74685314,-0.19341739,-0.34674011,0.34674011,-0.28977702,70.74578348,31.79267592,6.70115956,Coconut,92.14061267,64.43373030,35.36446365,6.70178311,61.14518327,46.94711746
Field_87,2023-11-27,12.53538658,74.74685314,-0.22942435,-0.49725409,0.49725409,-0.34357658,78.79941972,42.43009700,6.70115956,Coconut,73.11537190,47.60497356,37.55812402,7.30000000,65.74283383,46.94711746
Field_87,2023-12-12,12.53538658,74.74685314,-0.24027546,-0.48071445,0.48071445,-0.35954461,78.06565422,18.63343834,6.70115956,Coconut,83.50873106,56.16567033,22.09262032,6.90447766,76.25192497,46.94711746
Field_87,2023-12-27,12.53538658,74.74685314,-0.15140073,-0.54124206,0.54124206,-0.22567702,80.24879224,17.02412871,6.70115956,Coconut,87.20103955,42.30689856,37.67085452,5.88406980,69.45577379,46.94711746
Field_88,2023-01-01,17.32261670,78.41278751,0.30142537,0.30345721,-0.30345721,0.45207014,32.49009973,20.60931593,6.21383671,Oil Palm,70.07151113,58.87430927,50.02743800,5.32577101,59.82229865,32.96730915
Field_88,2023-01-16,17.32261670,78.41278751,0.38936159,0.44636878,-0.44636878,0.58393732,24.29432893,15.00731817,6.66352845,Oil Palm,70.80352903,56.74174942,34.95403135,5.72580081,59.94784215,34.12533805
Field_88,2023-01-31,17.32261670,78.41278751,0.36046789,0.43003053,-0.43003053,0.54061010,25.42371886,17.00112555,6.44338647,Oil Palm,82.08442856,58.17649329,33.03066566,6.98563170,80.10583327,33.26985724
Field_88,2023-02-15,17.32261670,78.41278751,0.31951535,0.39431287,-0.39431287,0.47919733,27.66586218,22.54911929,6.16209394,Oil Palm,80.73853543,51.97981081,48.48882473,6.22937297,55.65310458,32.24745335
Field_88,2023-02-03,17.32261670,78.41278751,0.30659933,0.38344789,-0.38344789,0.45983207,28.35258501,21.58616563,6.07177928,Oil Palm,97.14367411,61.43601107,34.93621690,6.95461259,57.61871449,31.91360718
Field_88,2023-03-17,17.32261670,78.41278751,0.34539322,0.44405498,-0.44405498,0.51801380,24.86152526,26.74159049,10.33256148,Oil Palm,78.96412143,52.77082167,19.10927627,6.69905885,71.58850547,43.41043461
Field_88,2023-01-04,17.32261670,78.41278751,0.45499910,0.49748785,-0.49748785,0.68219592,21.01361816,19.48385123,7.13015419,Oil Palm,85.18726258,55.00989812,32.56372471,6.44772094,80.11518985,35.85716505
Field_88,2023-04-16,17.32261670,78.41278751,0.45936774,0.51677033,-0.51677033,0.68895802,19.98435385,23.82283493,7.12356875,Oil Palm,79.77868505,42.48670969,40.07514113,6.24093319,74.03735460,35.73197274
Field_88,2023-01-05,17.32261670,78.41278751,0.44777717,0.50479914,-0.50479914,0.67157296,20.71402852,24.12691472,14.44658237,Oil Palm,95.96451262,50.41411367,39.81666681,6.79926330,68.84579417,48.68937715
Field_88,2023-05-16,17.32261670,78.41278751,0.40587198,0.43259803,-0.43259803,0.60872295,24.82890491,22.05124265,6.84321699,Oil Palm,98.95000000,46.02969650,49.80236126,6.13868623,72.88150779,34.98081886
Field_88,2023-05-31,17.32261670,78.41278751,0.39037721,0.43498120,-0.43498120,0.58549236,24.86545628,33.99616752,6.69927800,Oil Palm,95.44077264,47.74274019,34.90261184,6.36775433,78.88549535,34.34442460
Field_88,2023-06-15,17.32261670,78.41278751,0.37883603,0.42764089,-0.42764089,0.56818343,25.35815293,44.53928683,6.61366723,Oil Palm,97.19355002,37.90864641,18.96000000,7.16284871,69.68463417,34.01057843
Field_88,2023-09-28,17.32261670,78.41278751,0.56131682,0.55052373,-0.55052373,0.84186497,17.21956483,29.05395130,22.92581178,Oil Palm,86.67434742,46.80839493,31.57436468,6.99271809,66.64211347,57.06682945
Field_88,2023-10-13,17.32261670,78.41278751,0.48076041,0.45471121,-0.45471121,0.72101199,22.93488354,35.45953777,7.46036716,Oil Palm,75.49030908,44.78421815,47.02258842,7.15737815,74.59075190,37.52639589
Field_88,2023-10-28,17.32261670,78.41278751,0.52092388,0.54127224,-0.54127224,0.78127941,18.10451454,38.63431696,7.61653626,Oil Palm,80.85252906,39.37338799,58.91531317,6.85039909,71.86833409,37.72461705
Field_88,2023-12-12,17.32261670,78.41278751,0.44183336,0.45612390,-0.45612390,0.66264693,23.26030247,24.44541085,7.10945708,Oil Palm,90.74998359,51.71777071,36.58742706,6.45462487,66.14236590,36.00322275
Field_89,2023-01-01,11.24402434,76.68692062,0.82133837,0.72710118,-0.72710118,1.23181536,5.54718103,16.23195301,9.86405419,Oil Palm,76.14359625,55.42772729,38.78353614,5.99405800,72.46894536,44.06769426
Field_89,2023-01-16,11.24402434,76.68692062,0.83211895,0.73979332,-0.73979332,1.24797910,4.78896401,22.56616483,16.79570428,Oil Palm,74.26388260,34.22455708,18.96000000,5.99591832,66.18023559,58.35005066
Field_89,2023-01-31,11.24402434,76.68692062,0.82622738,0.73506767,-0.73506767,1.23913412,5.09044641,22.90450628,17.12403570,Oil Palm,88.01141734,51.83749305,62.40478345,6.45109266,69.36427680,58.52740644
Field_89,2023-02-15,11.24402434,76.68692062,0.71236341,0.65735494,-0.65735494,1.06836403,10.22167650,24.91374380,9.05404459,Oil Palm,76.52146330,33.48968353,43.03050149,6.43800254,67.35476565,43.29567499
Field_89,2023-02-03,11.24402434,76.68692062,0.68040118,0.64612715,-0.64612715,1.02043141,11.12144299,23.21626636,8.79438994,Oil Palm,98.95000000,60.95256346,39.30855387,5.60952935,71.31906526,42.23154033
Field_89,2023-03-17,11.24402434,76.68692062,0.61120195,0.60865364,-0.60865364,0.91664438,13.74172715,32.34816864,15.34126196,Oil Palm,66.16652262,54.31582881,24.15711721,6.09260401,64.72790015,53.87442546
Field_89,2023-01-04,11.24402434,76.68692062,0.71300990,0.63119921,-0.63119921,1.06936695,11.55070006,17.25567439,2.04336917,Oil Palm,65.90774118,39.55365209,43.91165175,5.85108742,85.20976408,43.72341540
Field_89,2023-04-16,11.24402434,76.68692062,0.65823579,0.61471347,-0.61471347,0.98719875,12.95193512,24.28456869,8.67020729,Oil Palm,55.05913442,49.91109225,26.42268702,5.90342212,71.27672276,41.86639608
Field_89,2023-08-14,11.24402434,76.68692062,0.70714845,0.62330758,-0.62330758,1.06056657,12.01354339,44.11388436,16.34224943,Oil Palm,68.86006723,29.96000000,46.15957923,6.78509083,69.64473061,57.90144487
Field_89,2023-09-28,11.24402434,76.68692062,0.61516163,0.57317248,-0.57317248,0.92258350,15.51311059,27.47612224,15.04868009,Oil Palm,70.66993243,42.38404353,41.34197259,6.69897462,72.76157356,54.41692549
Field_89,2023-10-13,11.24402434,76.68692062,0.61516163,0.57317248,-0.57317248,0.92258350,15.51311059,30.05700624,15.23683563,Oil Palm,94.79552787,63.13249419,42.82135159,7.03593417,73.15029673,54.52125241
Field_89,2023-12-27,11.24402434,76.68692062,0.78647389,0.67796027,-0.67796027,1.17954215,8.41259737,18.83226800,9.66837243,Oil Palm,84.41114798,47.82093991,30.39721872,6.01714327,57.85860749,44.45370389
Field_90,2023-01-01,14.48018890,77.59343049,0.41415642,0.53467760,-0.53467760,0.62114614,19.53166821,19.74768621,6.67764012,Oil Palm,65.04304343,75.92211823,24.19482275,6.47587959,86.15000000,33.69759765
Field_90,2023-01-16,14.48018890,77.59343049,0.35253162,0.48765238,-0.48765238,0.52872738,22.56234760,17.27280577,13.70524954,Oil Palm,75.54805299,47.04641150,47.21794390,6.05719778,75.33292062,44.87101160
Field_90,2023-01-31,14.48018890,77.59343049,0.36845473,0.52348601,-0.52348601,0.55261039,20.56990521,20.34164720,13.27719568,Oil Palm,74.21879200,46.25837391,31.60995779,6.67366271,86.15000000,44.69365582
Field_90,2023-02-15,14.48018890,77.59343049,0.34323404,0.49536716,-0.49536716,0.51478999,22.26335254,19.66441251,6.13575216,Oil Palm,80.37315522,49.19450764,25.19107053,6.25511249,81.75309002,31.57976101
Field_90,2023-02-03,14.48018890,77.59343049,0.33183197,0.50290864,-0.50290864,0.49769245,21.99469931,22.54286014,6.01627339,Oil Palm,85.84017327,59.15876144,48.06649944,6.81455191,75.70738948,31.01639560
Field_90,2023-03-17,14.48018890,77.59343049,0.27585345,0.39493749,-0.39493749,0.41373224,28.07987967,32.02607074,13.00625171,Oil Palm,57.31328207,50.63475286,57.22571212,7.30000000,67.36228144,42.98269421
Field_90,2023-01-04,14.48018890,77.59343049,0.29431473,0.47761088,-0.47761088,0.44142467,23.66967227,22.69645257,5.74062553,Oil Palm,87.97345555,42.67665435,30.94367800,7.18197244,80.62644957,29.97312633
Field_90,2023-04-16,14.48018890,77.59343049,0.26287604,0.46701012,-0.46701012,0.39427193,24.53207269,38.29641120,5.48473399,Oil Palm,81.76996557,41.30755634,21.85097985,6.46803436,65.86085729,28.91942436
Field_90,2023-01-05,14.48018890,77.59343049,0.23657107,0.46754355,-0.46754355,0.35481897,24.77348318,18.63666135,12.14167700,Oil Palm,81.29965957,43.29993363,45.20544869,6.04684620,75.14158330,39.84245369
Field_90,2023-05-16,14.48018890,77.59343049,0.26796282,0.46022429,-0.46022429,0.40190188,24.82663639,25.63467713,5.54588454,Oil Palm,73.20550286,29.96000000,66.00000000,6.00300978,63.97826088,29.22197245
Field_90,2023-05-31,14.48018890,77.59343049,0.25549476,0.44951374,-0.44951374,0.38320175,25.50089872,30.87468287,5.45933299,Oil Palm,83.18672687,54.27334131,39.30122014,7.12117132,71.73722785,28.90899166
Field_90,2023-06-15,14.48018890,77.59343049,0.27351387,0.46012053,-0.46012053,0.41022906,24.77524257,42.40038476,5.59574576,Oil Palm,58.27997667,49.70420758,51.66288270,6.66187640,77.97831413,29.44105900
Field_90,2023-08-14,14.48018890,77.59343049,0.24690062,0.33860366,-0.33860366,0.37031676,31.25222311,44.66552102,12.92816716,Oil Palm,97.29255339,32.53915982,32.02995490,6.43358115,51.76988971,42.70101151
Field_90,2023-10-13,14.48018890,77.59343049,0.40329426,0.56263153,-0.56263153,0.60487571,18.21515235,38.38446430,6.51488558,Oil Palm,78.32412669,44.10831165,46.81110037,6.93320464,61.63817501,32.84211684
Field_90,2023-10-28,14.48018890,77.59343049,0.33800940,0.49637960,-0.49637960,0.50695929,22.26501121,34.29333557,13.09750714,Oil Palm,82.38232121,52.68272535,46.13953170,6.86201391,57.58457982,43.83817502
Field_90,2023-12-27,14.48018890,77.59343049,0.28644720,0.47422427,-0.47422427,0.42961669,23.92295776,12.63254021,5.67853420,Oil Palm,78.32575798,55.01280304,47.31060240,6.66518995,64.57009248,29.72274170
